PRAGMA foreign_keys=OFF;
BEGIN TRANSACTION;
CREATE TABLE IF NOT EXISTS "django_migrations" ("id" integer NOT NULL PRIMARY KEY AUTOINCREMENT, "app" varchar(255) NOT NULL, "name" varchar(255) NOT NULL, "applied" datetime NOT NULL);
INSERT INTO django_migrations VALUES(1,'contenttypes','0001_initial','2023-12-27 09:36:39.468068');
INSERT INTO django_migrations VALUES(2,'auth','0001_initial','2023-12-27 09:36:39.484141');
INSERT INTO django_migrations VALUES(3,'admin','0001_initial','2023-12-27 09:36:39.498847');
INSERT INTO django_migrations VALUES(4,'admin','0002_logentry_remove_auto_add','2023-12-27 09:36:39.512197');
INSERT INTO django_migrations VALUES(5,'admin','0003_logentry_add_action_flag_choices','2023-12-27 09:36:39.521624');
INSERT INTO django_migrations VALUES(6,'contenttypes','0002_remove_content_type_name','2023-12-27 09:36:39.539643');
INSERT INTO django_migrations VALUES(7,'auth','0002_alter_permission_name_max_length','2023-12-27 09:36:39.551510');
INSERT INTO django_migrations VALUES(8,'auth','0003_alter_user_email_max_length','2023-12-27 09:36:39.561945');
INSERT INTO django_migrations VALUES(9,'auth','0004_alter_user_username_opts','2023-12-27 09:36:39.572341');
INSERT INTO django_migrations VALUES(10,'auth','0005_alter_user_last_login_null','2023-12-27 09:36:39.583896');
INSERT INTO django_migrations VALUES(11,'auth','0006_require_contenttypes_0002','2023-12-27 09:36:39.589725');
INSERT INTO django_migrations VALUES(12,'auth','0007_alter_validators_add_error_messages','2023-12-27 09:36:39.600303');
INSERT INTO django_migrations VALUES(13,'auth','0008_alter_user_username_max_length','2023-12-27 09:36:39.612817');
INSERT INTO django_migrations VALUES(14,'auth','0009_alter_user_last_name_max_length','2023-12-27 09:36:39.623649');
INSERT INTO django_migrations VALUES(15,'auth','0010_alter_group_name_max_length','2023-12-27 09:36:39.635792');
INSERT INTO django_migrations VALUES(16,'auth','0011_update_proxy_permissions','2023-12-27 09:36:39.644199');
INSERT INTO django_migrations VALUES(17,'auth','0012_alter_user_first_name_max_length','2023-12-27 09:36:39.655847');
INSERT INTO django_migrations VALUES(18,'sessions','0001_initial','2023-12-27 09:36:39.667858');
INSERT INTO django_migrations VALUES(19,'account','0001_initial','2023-12-27 11:01:51.994469');
INSERT INTO django_migrations VALUES(20,'account','0002_email_max_length','2023-12-27 11:01:52.009335');
INSERT INTO django_migrations VALUES(21,'account','0003_alter_emailaddress_create_unique_verified_email','2023-12-27 11:01:52.024994');
INSERT INTO django_migrations VALUES(22,'account','0004_alter_emailaddress_drop_unique_email','2023-12-27 11:01:52.038509');
INSERT INTO django_migrations VALUES(23,'account','0005_emailaddress_idx_upper_email','2023-12-27 11:01:52.050587');
INSERT INTO django_migrations VALUES(24,'sites','0001_initial','2023-12-27 11:01:52.056818');
INSERT INTO django_migrations VALUES(25,'sites','0002_alter_domain_unique','2023-12-27 11:01:52.067366');
INSERT INTO django_migrations VALUES(26,'socialaccount','0001_initial','2023-12-27 11:01:52.102095');
INSERT INTO django_migrations VALUES(27,'socialaccount','0002_token_max_lengths','2023-12-27 11:01:52.132353');
INSERT INTO django_migrations VALUES(28,'socialaccount','0003_extra_data_default_dict','2023-12-27 11:01:52.143889');
INSERT INTO django_migrations VALUES(29,'socialaccount','0004_app_provider_id_settings','2023-12-27 11:01:52.170758');
INSERT INTO django_migrations VALUES(30,'socialaccount','0005_socialtoken_nullable_app','2023-12-27 11:01:52.188072');
INSERT INTO django_migrations VALUES(31,'socialaccount','0006_alter_socialaccount_extra_data','2023-12-27 11:01:52.202795');
INSERT INTO django_migrations VALUES(32,'products','0001_initial','2024-01-02 09:11:17.595252');
INSERT INTO django_migrations VALUES(33,'products','0002_alter_category_options','2024-01-02 10:59:59.723394');
INSERT INTO django_migrations VALUES(34,'products','0003_product_has_sizes','2024-01-03 10:33:45.670598');
INSERT INTO django_migrations VALUES(35,'products','0004_alter_category_friendly_name_alter_category_name_and_more','2024-01-03 14:04:15.964567');
INSERT INTO django_migrations VALUES(36,'checkout','0001_initial','2024-01-05 09:08:41.223428');
INSERT INTO django_migrations VALUES(37,'checkout','0002_order_original_bag_order_stripe_pid','2024-01-07 13:44:35.089798');
INSERT INTO django_migrations VALUES(38,'checkout','0003_alter_order_country','2024-01-08 11:25:56.903784');
INSERT INTO django_migrations VALUES(39,'profiles','0001_initial','2024-01-08 12:03:09.126708');
INSERT INTO django_migrations VALUES(40,'checkout','0004_order_user_profile','2024-01-08 12:03:09.153909');
INSERT INTO django_migrations VALUES(41,'products','0005_alter_product_has_sizes_size','2024-01-18 08:32:10.442208');
INSERT INTO django_migrations VALUES(42,'profiles','0002_userprofile_is_eligible_for_discount_and_more','2024-01-18 11:02:00.160438');
INSERT INTO django_migrations VALUES(43,'blog','0001_initial','2024-01-21 10:14:22.506892');
INSERT INTO django_migrations VALUES(44,'blog','0002_subcategory_blogpost_category_blogpost_subcategory','2024-01-21 10:50:36.396707');
INSERT INTO django_migrations VALUES(45,'blog','0003_remove_blogpost_category_blogpost_author_and_more','2024-01-21 11:54:23.518494');
INSERT INTO django_migrations VALUES(46,'blog','0004_blogpost_uploaded_video_blogpost_youtube_video_url','2024-01-21 12:00:59.871568');
INSERT INTO django_migrations VALUES(47,'blog','0005_alter_blogpost_image_alter_blogpost_subcategory','2024-01-21 15:05:13.946896');
INSERT INTO django_migrations VALUES(48,'blog','0006_alter_blogpost_image_alter_blogpost_uploaded_video','2024-01-22 09:34:08.529334');
INSERT INTO django_migrations VALUES(49,'blog','0007_alter_blogpost_image_alter_blogpost_uploaded_video','2024-01-23 10:20:13.038305');
CREATE TABLE IF NOT EXISTS "auth_group_permissions" ("id" integer NOT NULL PRIMARY KEY AUTOINCREMENT, "group_id" integer NOT NULL REFERENCES "auth_group" ("id") DEFERRABLE INITIALLY DEFERRED, "permission_id" integer NOT NULL REFERENCES "auth_permission" ("id") DEFERRABLE INITIALLY DEFERRED);
CREATE TABLE IF NOT EXISTS "auth_user_groups" ("id" integer NOT NULL PRIMARY KEY AUTOINCREMENT, "user_id" integer NOT NULL REFERENCES "auth_user" ("id") DEFERRABLE INITIALLY DEFERRED, "group_id" integer NOT NULL REFERENCES "auth_group" ("id") DEFERRABLE INITIALLY DEFERRED);
CREATE TABLE IF NOT EXISTS "auth_user_user_permissions" ("id" integer NOT NULL PRIMARY KEY AUTOINCREMENT, "user_id" integer NOT NULL REFERENCES "auth_user" ("id") DEFERRABLE INITIALLY DEFERRED, "permission_id" integer NOT NULL REFERENCES "auth_permission" ("id") DEFERRABLE INITIALLY DEFERRED);
CREATE TABLE IF NOT EXISTS "django_admin_log" ("id" integer NOT NULL PRIMARY KEY AUTOINCREMENT, "object_id" text NULL, "object_repr" varchar(200) NOT NULL, "action_flag" smallint unsigned NOT NULL CHECK ("action_flag" >= 0), "change_message" text NOT NULL, "content_type_id" integer NULL REFERENCES "django_content_type" ("id") DEFERRABLE INITIALLY DEFERRED, "user_id" integer NOT NULL REFERENCES "auth_user" ("id") DEFERRABLE INITIALLY DEFERRED, "action_time" datetime NOT NULL);
INSERT INTO django_admin_log VALUES(6,'1','admin007',3,'',4,3,'2024-01-08 14:21:46.866803');
INSERT INTO django_admin_log VALUES(7,'2','kalle@balle.com',3,'',4,3,'2024-01-08 14:21:46.881069');
INSERT INTO django_admin_log VALUES(8,'3','pirrefixus@gmail.com',2,'[{"changed": {"fields": ["Verified"]}}]',8,3,'2024-01-09 12:02:44.299408');
INSERT INTO django_admin_log VALUES(9,'10','Shoes',1,'[{"added": {}}]',14,3,'2024-01-12 21:06:33.036437');
INSERT INTO django_admin_log VALUES(10,'11','Skateboard',1,'[{"added": {}}]',14,3,'2024-01-12 21:07:05.372808');
INSERT INTO django_admin_log VALUES(11,'11','Skateboard',2,'[{"changed": {"fields": ["Friendly name"]}}]',14,3,'2024-01-12 21:07:17.240856');
INSERT INTO django_admin_log VALUES(12,'175','Rebel Jeans',1,'[{"added": {}}, {"added": {"name": "size", "object": "Rebel Jeans - S"}}, {"added": {"name": "size", "object": "Rebel Jeans - M"}}, {"added": {"name": "size", "object": "Rebel Jeans - L"}}, {"added": {"name": "size", "object": "Rebel Jeans - W38L38"}}, {"added": {"name": "size", "object": "Rebel Jeans - 43"}}]',13,3,'2024-01-18 09:14:52.184182');
INSERT INTO django_admin_log VALUES(13,'1','Skate: News',1,'[{"added": {}}]',20,3,'2024-01-21 11:50:58.825695');
INSERT INTO django_admin_log VALUES(14,'2','Music: News',1,'[{"added": {}}]',20,3,'2024-01-21 11:51:11.378524');
INSERT INTO django_admin_log VALUES(15,'3','History: Hiphop',1,'[{"added": {}}]',20,3,'2024-01-21 11:51:39.429175');
INSERT INTO django_admin_log VALUES(16,'4','History: Skateboard',1,'[{"added": {}}]',20,3,'2024-01-21 11:51:59.175779');
INSERT INTO django_admin_log VALUES(17,'5','History: Reggae',1,'[{"added": {}}]',20,3,'2024-01-21 11:52:11.972824');
INSERT INTO django_admin_log VALUES(18,'6','History: Artists',1,'[{"added": {}}]',20,3,'2024-01-21 11:52:33.341085');
INSERT INTO django_admin_log VALUES(19,'7','Skate: Legends',1,'[{"added": {}}]',20,3,'2024-01-21 11:52:44.201351');
INSERT INTO django_admin_log VALUES(20,'8','Skate: Products',1,'[{"added": {}}]',20,3,'2024-01-21 11:52:59.585463');
INSERT INTO django_admin_log VALUES(21,'9','Music: Artists',1,'[{"added": {}}]',20,3,'2024-01-21 11:53:11.597801');
INSERT INTO django_admin_log VALUES(22,'1','Tony Hawk: The Evolution of a Skateboarding Legend',1,'[{"added": {}}]',19,3,'2024-01-21 12:16:12.682683');
INSERT INTO django_admin_log VALUES(23,'2','Tonding Legend',1,'[{"added": {}}]',19,3,'2024-01-21 13:29:08.598856');
INSERT INTO django_admin_log VALUES(24,'2','Tonding Legend',2,'[{"changed": {"fields": ["Subcategory"]}}]',19,3,'2024-01-21 13:30:49.142574');
INSERT INTO django_admin_log VALUES(25,'3','mnskjdshfds',1,'[{"added": {}}]',19,3,'2024-01-21 13:31:17.558266');
INSERT INTO django_admin_log VALUES(26,'3','mnskjdshfds',2,'[{"changed": {"fields": ["Image"]}}]',19,3,'2024-01-21 13:31:45.248794');
INSERT INTO django_admin_log VALUES(27,'2','Tonding Legend',2,'[{"changed": {"fields": ["Image"]}}]',19,3,'2024-01-21 13:31:57.601356');
INSERT INTO django_admin_log VALUES(28,'4','xzjkkhkjcxzh',1,'[{"added": {}}]',19,3,'2024-01-21 13:32:55.689327');
INSERT INTO django_admin_log VALUES(29,'5','vcbbcvbvbvvc',1,'[{"added": {}}]',19,3,'2024-01-22 09:11:01.806669');
INSERT INTO django_admin_log VALUES(30,'6','Banana Split',1,'[{"added": {}}]',19,3,'2024-01-22 09:12:04.499801');
INSERT INTO django_admin_log VALUES(31,'6','Banana Split',3,'',19,3,'2024-01-22 10:46:57.927098');
INSERT INTO django_admin_log VALUES(32,'5','vcbbcvbvbvvc',3,'',19,3,'2024-01-22 10:46:57.934803');
INSERT INTO django_admin_log VALUES(33,'4','xzjkkhkjcxzh',3,'',19,3,'2024-01-22 10:46:57.940980');
INSERT INTO django_admin_log VALUES(34,'3','mnskjdshfds',3,'',19,3,'2024-01-22 10:46:57.946099');
INSERT INTO django_admin_log VALUES(35,'2','Tonding Legend',3,'',19,3,'2024-01-22 10:46:57.953680');
INSERT INTO django_admin_log VALUES(36,'1','Tony Hawk: The Evolution of a Skateboarding Legend',3,'',19,3,'2024-01-22 10:46:57.959593');
CREATE TABLE IF NOT EXISTS "django_content_type" ("id" integer NOT NULL PRIMARY KEY AUTOINCREMENT, "app_label" varchar(100) NOT NULL, "model" varchar(100) NOT NULL);
INSERT INTO django_content_type VALUES(1,'admin','logentry');
INSERT INTO django_content_type VALUES(2,'auth','permission');
INSERT INTO django_content_type VALUES(3,'auth','group');
INSERT INTO django_content_type VALUES(4,'auth','user');
INSERT INTO django_content_type VALUES(5,'contenttypes','contenttype');
INSERT INTO django_content_type VALUES(6,'sessions','session');
INSERT INTO django_content_type VALUES(7,'sites','site');
INSERT INTO django_content_type VALUES(8,'account','emailaddress');
INSERT INTO django_content_type VALUES(9,'account','emailconfirmation');
INSERT INTO django_content_type VALUES(10,'socialaccount','socialaccount');
INSERT INTO django_content_type VALUES(11,'socialaccount','socialapp');
INSERT INTO django_content_type VALUES(12,'socialaccount','socialtoken');
INSERT INTO django_content_type VALUES(13,'products','product');
INSERT INTO django_content_type VALUES(14,'products','category');
INSERT INTO django_content_type VALUES(15,'checkout','order');
INSERT INTO django_content_type VALUES(16,'checkout','orderlineitem');
INSERT INTO django_content_type VALUES(17,'profiles','userprofile');
INSERT INTO django_content_type VALUES(18,'products','size');
INSERT INTO django_content_type VALUES(19,'blog','blogpost');
INSERT INTO django_content_type VALUES(20,'blog','subcategory');
INSERT INTO django_content_type VALUES(21,'blog','postinteraction');
CREATE TABLE IF NOT EXISTS "auth_permission" ("id" integer NOT NULL PRIMARY KEY AUTOINCREMENT, "content_type_id" integer NOT NULL REFERENCES "django_content_type" ("id") DEFERRABLE INITIALLY DEFERRED, "codename" varchar(100) NOT NULL, "name" varchar(255) NOT NULL);
INSERT INTO auth_permission VALUES(1,1,'add_logentry','Can add log entry');
INSERT INTO auth_permission VALUES(2,1,'change_logentry','Can change log entry');
INSERT INTO auth_permission VALUES(3,1,'delete_logentry','Can delete log entry');
INSERT INTO auth_permission VALUES(4,1,'view_logentry','Can view log entry');
INSERT INTO auth_permission VALUES(5,2,'add_permission','Can add permission');
INSERT INTO auth_permission VALUES(6,2,'change_permission','Can change permission');
INSERT INTO auth_permission VALUES(7,2,'delete_permission','Can delete permission');
INSERT INTO auth_permission VALUES(8,2,'view_permission','Can view permission');
INSERT INTO auth_permission VALUES(9,3,'add_group','Can add group');
INSERT INTO auth_permission VALUES(10,3,'change_group','Can change group');
INSERT INTO auth_permission VALUES(11,3,'delete_group','Can delete group');
INSERT INTO auth_permission VALUES(12,3,'view_group','Can view group');
INSERT INTO auth_permission VALUES(13,4,'add_user','Can add user');
INSERT INTO auth_permission VALUES(14,4,'change_user','Can change user');
INSERT INTO auth_permission VALUES(15,4,'delete_user','Can delete user');
INSERT INTO auth_permission VALUES(16,4,'view_user','Can view user');
INSERT INTO auth_permission VALUES(17,5,'add_contenttype','Can add content type');
INSERT INTO auth_permission VALUES(18,5,'change_contenttype','Can change content type');
INSERT INTO auth_permission VALUES(19,5,'delete_contenttype','Can delete content type');
INSERT INTO auth_permission VALUES(20,5,'view_contenttype','Can view content type');
INSERT INTO auth_permission VALUES(21,6,'add_session','Can add session');
INSERT INTO auth_permission VALUES(22,6,'change_session','Can change session');
INSERT INTO auth_permission VALUES(23,6,'delete_session','Can delete session');
INSERT INTO auth_permission VALUES(24,6,'view_session','Can view session');
INSERT INTO auth_permission VALUES(25,7,'add_site','Can add site');
INSERT INTO auth_permission VALUES(26,7,'change_site','Can change site');
INSERT INTO auth_permission VALUES(27,7,'delete_site','Can delete site');
INSERT INTO auth_permission VALUES(28,7,'view_site','Can view site');
INSERT INTO auth_permission VALUES(29,8,'add_emailaddress','Can add email address');
INSERT INTO auth_permission VALUES(30,8,'change_emailaddress','Can change email address');
INSERT INTO auth_permission VALUES(31,8,'delete_emailaddress','Can delete email address');
INSERT INTO auth_permission VALUES(32,8,'view_emailaddress','Can view email address');
INSERT INTO auth_permission VALUES(33,9,'add_emailconfirmation','Can add email confirmation');
INSERT INTO auth_permission VALUES(34,9,'change_emailconfirmation','Can change email confirmation');
INSERT INTO auth_permission VALUES(35,9,'delete_emailconfirmation','Can delete email confirmation');
INSERT INTO auth_permission VALUES(36,9,'view_emailconfirmation','Can view email confirmation');
INSERT INTO auth_permission VALUES(37,10,'add_socialaccount','Can add social account');
INSERT INTO auth_permission VALUES(38,10,'change_socialaccount','Can change social account');
INSERT INTO auth_permission VALUES(39,10,'delete_socialaccount','Can delete social account');
INSERT INTO auth_permission VALUES(40,10,'view_socialaccount','Can view social account');
INSERT INTO auth_permission VALUES(41,11,'add_socialapp','Can add social application');
INSERT INTO auth_permission VALUES(42,11,'change_socialapp','Can change social application');
INSERT INTO auth_permission VALUES(43,11,'delete_socialapp','Can delete social application');
INSERT INTO auth_permission VALUES(44,11,'view_socialapp','Can view social application');
INSERT INTO auth_permission VALUES(45,12,'add_socialtoken','Can add social application token');
INSERT INTO auth_permission VALUES(46,12,'change_socialtoken','Can change social application token');
INSERT INTO auth_permission VALUES(47,12,'delete_socialtoken','Can delete social application token');
INSERT INTO auth_permission VALUES(48,12,'view_socialtoken','Can view social application token');
INSERT INTO auth_permission VALUES(49,13,'add_product','Can add product');
INSERT INTO auth_permission VALUES(50,13,'change_product','Can change product');
INSERT INTO auth_permission VALUES(51,13,'delete_product','Can delete product');
INSERT INTO auth_permission VALUES(52,13,'view_product','Can view product');
INSERT INTO auth_permission VALUES(53,14,'add_category','Can add category');
INSERT INTO auth_permission VALUES(54,14,'change_category','Can change category');
INSERT INTO auth_permission VALUES(55,14,'delete_category','Can delete category');
INSERT INTO auth_permission VALUES(56,14,'view_category','Can view category');
INSERT INTO auth_permission VALUES(57,15,'add_order','Can add order');
INSERT INTO auth_permission VALUES(58,15,'change_order','Can change order');
INSERT INTO auth_permission VALUES(59,15,'delete_order','Can delete order');
INSERT INTO auth_permission VALUES(60,15,'view_order','Can view order');
INSERT INTO auth_permission VALUES(61,16,'add_orderlineitem','Can add order line item');
INSERT INTO auth_permission VALUES(62,16,'change_orderlineitem','Can change order line item');
INSERT INTO auth_permission VALUES(63,16,'delete_orderlineitem','Can delete order line item');
INSERT INTO auth_permission VALUES(64,16,'view_orderlineitem','Can view order line item');
INSERT INTO auth_permission VALUES(65,17,'add_userprofile','Can add user profile');
INSERT INTO auth_permission VALUES(66,17,'change_userprofile','Can change user profile');
INSERT INTO auth_permission VALUES(67,17,'delete_userprofile','Can delete user profile');
INSERT INTO auth_permission VALUES(68,17,'view_userprofile','Can view user profile');
INSERT INTO auth_permission VALUES(69,18,'add_size','Can add size');
INSERT INTO auth_permission VALUES(70,18,'change_size','Can change size');
INSERT INTO auth_permission VALUES(71,18,'delete_size','Can delete size');
INSERT INTO auth_permission VALUES(72,18,'view_size','Can view size');
INSERT INTO auth_permission VALUES(73,19,'add_blogpost','Can add blog post');
INSERT INTO auth_permission VALUES(74,19,'change_blogpost','Can change blog post');
INSERT INTO auth_permission VALUES(75,19,'delete_blogpost','Can delete blog post');
INSERT INTO auth_permission VALUES(76,19,'view_blogpost','Can view blog post');
INSERT INTO auth_permission VALUES(77,20,'add_subcategory','Can add sub category');
INSERT INTO auth_permission VALUES(78,20,'change_subcategory','Can change sub category');
INSERT INTO auth_permission VALUES(79,20,'delete_subcategory','Can delete sub category');
INSERT INTO auth_permission VALUES(80,20,'view_subcategory','Can view sub category');
INSERT INTO auth_permission VALUES(81,21,'add_postinteraction','Can add post interaction');
INSERT INTO auth_permission VALUES(82,21,'change_postinteraction','Can change post interaction');
INSERT INTO auth_permission VALUES(83,21,'delete_postinteraction','Can delete post interaction');
INSERT INTO auth_permission VALUES(84,21,'view_postinteraction','Can view post interaction');
CREATE TABLE IF NOT EXISTS "auth_group" ("id" integer NOT NULL PRIMARY KEY AUTOINCREMENT, "name" varchar(150) NOT NULL UNIQUE);
CREATE TABLE IF NOT EXISTS "auth_user" ("id" integer NOT NULL PRIMARY KEY AUTOINCREMENT, "password" varchar(128) NOT NULL, "last_login" datetime NULL, "is_superuser" bool NOT NULL, "username" varchar(150) NOT NULL UNIQUE, "last_name" varchar(150) NOT NULL, "email" varchar(254) NOT NULL, "is_staff" bool NOT NULL, "is_active" bool NOT NULL, "date_joined" datetime NOT NULL, "first_name" varchar(150) NOT NULL);
INSERT INTO auth_user VALUES(3,'pbkdf2_sha256$600000$2fwccfq63PafvO7TTIBi9O$pFiypMTu1rbYKk2g4+LT4UpHLDKNGs0q5eME9G7GmV4=','2024-01-22 11:00:28.901016',1,'pierre','','pirrefixus@gmail.com',1,1,'2024-01-08 14:13:25.610398','');
INSERT INTO auth_user VALUES(4,'pbkdf2_sha256$600000$8LxTQAo2PrqtrvLLseDZdO$Us0SSZHW/ebUHMlOS+oler1aAvLFMP6uAP1p/ZslMMA=',NULL,0,'kalle','','kalle.l@haha.se',0,1,'2024-01-19 11:43:31.036339','');
INSERT INTO auth_user VALUES(5,'pbkdf2_sha256$600000$TnE235V3eElHEZWjfUrlwi$kUr/WCLlRTfU32cTaklDNaVRSCh5/T5GRmTLpj6sI7M=',NULL,0,'anika','','annika.borgesson@gmail.com',0,1,'2024-01-25 08:16:54.591802','');
CREATE TABLE IF NOT EXISTS "django_session" ("session_key" varchar(40) NOT NULL PRIMARY KEY, "session_data" text NOT NULL, "expire_date" datetime NOT NULL);
INSERT INTO django_session VALUES('rk7yoqk3da4uk8wrdmj5eqv01a1su5gr','.eJxtkMFuxCAMRP_F5yiCAAFy7L1fUFWRAauhbWAViLqr1f57Q7uXrXqzPM-j8VwBvc97qjPudaFUo8cac5pXqksOBaaXK_zOMMEJS_nKW4AOsMLENROjHo2W_Si4GGUHe6Et4UoHjGGNiTENt9cOfuznps6xOXF42Dn0H5SaEN4xveXe51S36PqG9He19M850OfTnX0wWLAsx7Wx4oD5wKV0npiyAgdOKLQyKljpRo3CKx2MdcpZztBKclwZPxg-IGup_umDwvz3Xam14UeCQqW0uuh8itsFJnb7BsYibfA:1rISBG:zPKLa5X9FcxeG7BWmYlQ993cqOFq5PUb6mIg7T2NEfk','2024-01-10 11:34:34.649170');
INSERT INTO django_session VALUES('tmbr4hkz18vtr6lwxo7lm6jdiwi6daki','.eJxVjr0OgzAMhN_FM4pwnJQkY_c-A7KTCGgrkPiZEO9eKAztcifdfT55hZqXua2XKY91lyAAQvGbCcdX7o8iPblvBhWHfh47UQeirnZSjyHl9_1i_wZantr92nnaYdRojMRcWk-sMTNV1tnkjdwqpmir5LxY8ViyN1nQuqgdai6Pr4QbCCuQhWAKQISAu51KXzsVHQTatg8Wf0D2:1rL1Vu:QpS3PC-mUJTCqyK7WjWgli8kvdBLhw3InZihBR0-D8Q','2024-01-17 13:42:30.907368');
INSERT INTO django_session VALUES('urv5f3avlrto9x9phx56jw3a726c44s5','.eJyFjssKwjAQRf9l1qWksW1qVv6HSInNSIN5lDx8UPrvNijqQnAzXObOvWdmEMPgko39Bb06KZQ9GqE0cJu0Lt5uCuiBA4XPSqQ4oo1qEFE52xuMo5MB-H6Gp17vJxHC1XmZYxF4xUjNqnZDWdmShm6rroAXDs5Ca9wd8ywHZ9ZEZlph8Ie5FP8h265sKtrUGfJVJaRRlhAGy6GAPmAI-Xu8TcrfgZPlAW9tWuk:1rMobm:5oM0iPGcZC8lB2ucMvf-s5GVd9r70AUv-Ugz1ynZXYQ','2024-01-22 12:19:58.515043');
INSERT INTO django_session VALUES('n6a7ptspnoqxzz0030f08mhfjyip04zy','.eJwlysEKhSAQBdB_uesIjSHDX3lEDCrkwjFypEX07y9odxbnBodQu-jGXfckmgNrrrKVpHuNDf534zM8Dm7tqmfEAFZ46ww5O9NkR7MQORrQWzqFS3ozx5LFGIdnff5x0SIz:1rMoc9:ciy0gVo5Ws8CALgZG3j2LQmog0sUlFkDBSmt4M4rabA','2024-01-22 12:20:21.086474');
INSERT INTO django_session VALUES('mfxc1hs67lwr9yyer668lba33pq2c3no','e30:1rMqDl:0JgSQxACU4wUx6RQ7554y0xoc6rjqXFops3JpphKrCc','2024-01-22 14:03:17.236372');
INSERT INTO django_session VALUES('dbe90xrztvvakg1w7k0avcwonnqtdmzf','e30:1rMqE4:MWfcXCmivfyn2UoryJlUt5cf3BiiGWvK4YEwNcE4VAE','2024-01-22 14:03:36.234912');
INSERT INTO django_session VALUES('03dugs13hfe1xnmqvslpqwuzll6hqv3j','.eJwlykEKgCAQBdC7_HWERWl5lYgYVMiFY-RIi-juBe3e4t0g53Jl2ajKHliiI4mZtxRkz77ALjd-w-KgUq58ejQgge2MGkzfa21aPc16VGODWsLJlMK3yafIShk86_MCkz8ieA:1rMqEt:P3wSirr9f2ucWHDjzrw1PK0cePbBzv13oyrRJOyvVMM','2024-01-22 14:04:27.691649');
INSERT INTO django_session VALUES('j1jbv867fc153m7b5fffwu0x6i1eq98c','e30:1rMqH9:VUCL16unGEwIaYjQvatk6zb2fQrLMXWDi2RgpwUfyHY','2024-01-22 14:06:47.789201');
INSERT INTO django_session VALUES('njjem5qr3y90dyjcoke5qmqiayfjjrpr','e30:1rMqLW:HbRMPU7B9bi5nEMydxs0bfswjH2E3p5Myp2eRFkZ_Ak','2024-01-22 14:11:18.065702');
INSERT INTO django_session VALUES('kbx26on05t415y4kks5p4qigkococ44s','.eJyFjstqwzAQRf9l1kboaUledp8vKMXI0rhW20hBkklKyL83otkECt0N95453Cs47_Oe2uz2tmFq0bsWc5qP2LYcKkyvV_i9YYKTq_WcS4ABXIOJaSq1lEwIMirD9TjAXrEkd8QORywF4Tb8L5CWmNFQyuWfhrcB5oq19l14OcXyDRO9Z33y3Pk5drmAp2xx_hNTL8KHS--Z-JxaiQvpCHm0lRxywK-XB_sk2Fzd7t9s0UxKhZYFDMygWbhaKV-D49ZSYZxmSgccEUfJuPVBcIGKUmqpCgJXuP0A-c1z1A:1rMvpl:1YbK7oWJ-rRMJNavRPjAgN8Ol75NoUXBkf1dW-gxqHw','2024-01-22 20:02:53.682201');
INSERT INTO django_session VALUES('x8kse39zmp2hnggl5yz70dnt00l5cm7t','.eJxlkM1OwzAQhN9lz1Hk3zjOkTtPgFC0sTfEQO3KdkSrqu9ODb0Ubqud2U87cwF0Lu2xzrjXjWINDmtIcT5Q3ZIvML1c4HeGCY5YylfKHjrAChM3TI3MikH1zChj-NDBXihHPFBzB8qZ4PrawQ99btocGkjCw25B90GxCf4d41vqXYo1h6Vvlv6ulv45efp8unsfABuW7XbNF8OV0mS5J89HGhehVyZWj8JaJkc0XBtPA9GguLDOSyFJM8Ys017S2nL9r4P8_DetlVqa2weFSmlt0ekY8hkmdv0GzERuNw:1rNClc:xiwrUlUzrWoQc5ry3zvSbYGNu-iu6lapzluRSuhUDaE','2024-01-23 14:07:44.109188');
INSERT INTO django_session VALUES('i28fj66ozupa59dwzm3y51t63xrmbiu3','.eJxlUMtuwyAQ_Jc9WxbPAD72ni-oKgvDOqZtIAKstrL87zVtLmlvq3lpZzawzqU11tGudcFYg7M1pDhesS7JFxieN_i9YYCbLeUjZQ8d2AoDVURozSSnvdDSKKI6WAvmaK_Y1AFzRthfOvhJHxs3hhbE4QGbrHvD2Aj_auMl9S7FmsPUN0l_Z0t_Th7fn-7ah4DFluVw00lRISQa6tFTjXpiciZs9pYZQ7i2ikrl8YR4EpQZ5znjKAkhhkjPcW69_s-BfvzTVlKjjaDHCwVLaXPh5y3kLxhIB5O9wLABZYdl378B0nZyUw:1rNWLY:UetXG5pXcXb_yyqndWChB7oJCv1YuZjMLs5HMdpCYwE','2024-01-24 11:02:08.421628');
INSERT INTO django_session VALUES('ynm5c660i86ebofg5udr69qdfxh6zym0','.eJxlUMtOwzAQ_Jc9R5HtxImdI3e-AKFo490QA7Ur2xGgqv9ODL0UbqOdh3bmAuhc3EOZcS8bh-IdFh_DfOKyRcowPV3gF8MEZ8z5IyaCBrDAJEfR28Ho3rbGaCWGBvbMKeCJq9hzSgzX5wZ-wufKzb7mdHB3W9C9cagEvWJ4ia2LoSS_tFXS3tjcPkbi94eb9i5gw7wdbrmMsu81W0lM0rBZlF6FWgmVtaIzOEo9Eg_MQy-VddSpjrUQwgpNHa-11v81mOY_Za06oDo-yJxzHYs_zz59wSSu34zabhs:1rNsCj:qSc0BGm3TKn-t2hb7-o2J1LkJE-jatFqOVfWouz0tpU','2024-01-25 10:22:29.935694');
INSERT INTO django_session VALUES('2wcle8r9inu51k0cp8yezcji9b3wl20h','.eJxlkMtOwzAQRf9l1lHkZx1nyZ4vQMhyPBNioHZlOwJU9d-poZvCbjT3IZ17Bh9C3lNzfm8bpRaDbzEnd6S2ZawwP53h94YZTr7Wj1wQBvANZm6YsoYxoUZjjZHKDLBXKskfqbsjlUJweR7gp911zcVeJOHut_jwRqkL-OrTSx5DTq3EZeyW8abW8TEjvT_cvHcFm6_bNc0Xw5XSZDkS8ommReiViRW9sJbJyRuuDdKB6KC4sAGlkKQZY5ZplLR2rv9zELo_tBOfOL_Cukq19rXo8xTLF8zs8g3Qfm40:1rNsaW:FIf1iyoVRmoY4WDVOVIGoXOFz1LbJgMZcfTvNEzchgI','2024-01-25 10:47:04.834869');
INSERT INTO django_session VALUES('po7uerzd0vs532lnm4fkybdpznsuah8e','.eJxlUMFuwyAM_RefowgIgTbH3fsF04QccBq2BSog2rqo_76w9dLNB8vye37yexugtXENxeBaZgrFWyw-BrNQmaPLMDxv8DvDABfM-SMmBw1ggYFr1jMlpZItl5wp3TWwZkoBF6psTykR3F4a-FE3FTO-CnXwsBvRvlGogHvFcI6tjaEkP7aV0t7R3J6io_enO_dBYMY812u0JBy5nktGTmsxaeqos2zqetkfrVDqyI-sE5NCzqmnUR4OWlhhmSUrZPX1Pw5y5q9bLZiQen8hU841Lvq8-HSFgTUw4hmGDbiq3RdashmvJvsvqotlF7rt9Q05NHuO:1rOH9v:f_8kLncW1oMFmu2iBf1LrnHDGtgkEN_iKxA8rtTPF0E','2024-01-26 13:01:15.815989');
INSERT INTO django_session VALUES('t5pni81jprh5w6jwo4up7wpsm6n17b3f','.eJxlkMFOwzAQRP9lz1FkO2li58idL0AoWq83xEDtynZEq6r_Tgy9FG6rndnRvrkCEsUtlBm3snIonrD4GOYjlzW6DNPLFX5nmOCEOX_F5KABLDDJURyU0uMg21H3Zuh0A1vmFPDI1e05JYbbawM_6XPVZl-DOnjYWaQPDlVw7xjeYksxlORtWy3tXc3tc3T8-XT3PgSsmNf9muRilCMnrFKLXsg5yzhKOpAyO6fshWDW1grDxqEytAw9SSZjOq1MR5Xrfx3s5j-0Wgm14-4vZM651sXnk08XmMTtGw9QcFI:1rOxth:xI7LC1RWDxE8o4iBQ-u9l7seuaF2pXpaWdaPqPW0SkE','2024-01-28 10:39:21.835611');
INSERT INTO django_session VALUES('zr5uf1k84o3qsc63qx41v3l818djdtld','.eJxlUMtuxCAM_BefowjIkxx73y-oKgTG2dA2sAKidhvtvze0e9nWB8uaGY883kEjhs1npbe8kM8OdXbBq5XyEmyC6XmH3xkmuOiUPkK0UIHOMPGBdQ0XI-9r1nU969oKtkTR65WK2lGMBLeXCn7cVeGUK0YNPGBG4xv5QthX7c-hxuBzdKYukvrOpvoULL0_3bUPBotOy7GNfJbComVGiHmc0VpDeuDYoZBHTt4yRjQawyRJq4XEuW-RE0rZjEI2WHL9fwdZ9TftIKXg4jghUUrlXfR5cfEKE6vA6DNMO_DSXKY1KXNVyX1RAdbD53bUN308fK8:1rPJrt:xmQONaDTXIDLhgJjwuPSc4UWFd8wA7_jPsUOkDlaRpk','2024-01-29 10:06:57.565999');
INSERT INTO django_session VALUES('pr8aumqq4srm499qfuyqputeolmaqmwh','.eJxlkMFOxDAMRP_F56pK0jate-TOFyBUJY5LA2yySlIBWu2_08BeFm6WZzzymwsYoriHspi9bByKJ1N8DMuJyxZdhvnpAr8zzHA2OX_E5KABU2CWoxh6RBx0O-p-ENg3sGdOwZy4uj2nxHB9buAnfana4mtQB3c7a-iNQxXcqwkvsaUYSvK2rZb2pub2MTp-f7h57wI2k7fjmuSKypETVql1Wsk5y2aUNJDCg1P2QjBP1gpkdEYhrbonyYTYTQo7qlz_62C3_KVFrTutjxcy51zr4s-zT18wi-s3GVdwdQ:1rQ6Ro:cOtyYuAU6E3coOkRHijDWE0_UEk7VcOk51V32A1SzoA','2024-01-31 13:59:16.814587');
INSERT INTO django_session VALUES('ikmgmudd2r1jyy1al1on3mi9uftb4vej','.eJxlUMtOwzAQ_Jc9R5HjvOwcufcLEIrW601joHZlOwIU9d-JoZfCbTUv7cwOSBQ2n2fc8so-O8Lsgp8vnNdgE0zPO_zeMMEVU_oI0UIFmGFqRtEPoxzlUPeyF0qpCrbE0eOFi9pxjAy3lwp-0ufCza4EtfCAGaQ39oWwr-jPoabgc3SmLpL6zqb6FCy_P921DwErpvVwU7NoackKI-WiFrLWMI4N9ST10bPphGBWxgjN2qLUtAwdNUxat0rqlkqv_3Ownf-2HVrZyfF4IXFKZS7-vLr4BZOowOAZph36w3G7fQNHcnQA:1rQpOt:gjAA4NDGtyrUQSMUU80mgziKTzTE_7pOJ1xjrHgRVCE','2024-02-02 13:59:15.287294');
INSERT INTO django_session VALUES('frt6z6aqsywd8i9dye7iuwiu3tcurmtb','.eJxlkMFOxDAMRP_F56pK0u6m6ZE7X4BQ5DguDbDJKkkFaLX_TgN7WbhZnvHIby6ARGmL1eJWV441ENaQoj1xXZMvMD9d4HeGGc5YykfKHjrACrPU4qBHo7XutZFaDqqDrXCOeOLmDpwzw_W5g5902zQbWtAAdzuH9MaxCf4V40vqKcWag-ubpb-ppX9Mnt8fbt67gBXLul-TXIzy5IVTapkW8t4xakkHUmbnlKMQzJNzwrDxqAwtx5EkkzHDpMxAjet_HeztH9pJqeMop_2FwqW0uvjzHPIXzOL6DRHYcGI:1rR9RB:xvDZr5Lnj9AWvxtA6Vi4FOXy1oU98R_50pDxaVvDoVg','2024-02-03 11:22:57.848431');
INSERT INTO django_session VALUES('prjumv4vx3rboll3zpijgzmadgvcpc82','.eJxVjU1vwjAQRP_Kas8hih1o49zKnRNHgix7d_MBNJbi5ACI_15HolJ7nZk374nWLXNvlyiTHRhrLDH7m3lHVxnXgi9u7EJOYZynwefrJH-3MT8Eltv-vf130LvYJ5pUazQTF17rtmqJ2Yv7VLQjbRyR2haFSOV9YcSw04bajy0pIWPKSpuS0ql3HdZPVJXaHLHWr6T5lhhdJzEJTqcGrb3EMP6mDWZQZKB3GTT4xSwMcXgIHGEfPBzcdJM7xH6YZpgD3MMyQVKsVIMNns_4-gG-5FzV:1rSDM2:Z_i-WgAXrO76XiLzcdgzek0ZwjUpHDKzKfJUyMXaHH0','2024-02-06 09:46:02.492532');
INSERT INTO django_session VALUES('7yfh9v88qu0t8seckoo9b3xxfru0vcx7','eyJzYXZlX2luZm8iOmZhbHNlLCJhY2NvdW50X3ZlcmlmaWVkX2VtYWlsIjpudWxsLCJhY2NvdW50X3VzZXIiOiI1In0:1rSvoB:ibgnQQGe_IYCe6XNA6geA-OUsd1WjC2dcikUHZS9AJs','2024-02-08 09:14:03.635969');
CREATE TABLE IF NOT EXISTS "account_emailconfirmation" ("id" integer NOT NULL PRIMARY KEY AUTOINCREMENT, "created" datetime NOT NULL, "sent" datetime NULL, "key" varchar(64) NOT NULL UNIQUE, "email_address_id" integer NOT NULL REFERENCES "account_emailaddress" ("id") DEFERRABLE INITIALLY DEFERRED);
CREATE TABLE IF NOT EXISTS "account_emailaddress" ("id" integer NOT NULL PRIMARY KEY AUTOINCREMENT, "verified" bool NOT NULL, "primary" bool NOT NULL, "user_id" integer NOT NULL REFERENCES "auth_user" ("id") DEFERRABLE INITIALLY DEFERRED, "email" varchar(254) NOT NULL);
INSERT INTO account_emailaddress VALUES(3,1,0,3,'pirrefixus@gmail.com');
INSERT INTO account_emailaddress VALUES(4,0,1,4,'kalle.l@haha.se');
INSERT INTO account_emailaddress VALUES(5,0,1,5,'annika.borgesson@gmail.com');
CREATE TABLE IF NOT EXISTS "django_site" ("id" integer NOT NULL PRIMARY KEY AUTOINCREMENT, "name" varchar(50) NOT NULL, "domain" varchar(100) NOT NULL UNIQUE);
INSERT INTO django_site VALUES(1,'BoutiqueAdo','boutique.example.com');
CREATE TABLE IF NOT EXISTS "socialaccount_socialapp_sites" ("id" integer NOT NULL PRIMARY KEY AUTOINCREMENT, "socialapp_id" integer NOT NULL REFERENCES "socialaccount_socialapp" ("id") DEFERRABLE INITIALLY DEFERRED, "site_id" integer NOT NULL REFERENCES "django_site" ("id") DEFERRABLE INITIALLY DEFERRED);
CREATE TABLE IF NOT EXISTS "socialaccount_socialapp" ("id" integer NOT NULL PRIMARY KEY AUTOINCREMENT, "provider" varchar(30) NOT NULL, "name" varchar(40) NOT NULL, "client_id" varchar(191) NOT NULL, "secret" varchar(191) NOT NULL, "key" varchar(191) NOT NULL, "provider_id" varchar(200) NOT NULL, "settings" text NOT NULL CHECK ((JSON_VALID("settings") OR "settings" IS NULL)));
CREATE TABLE IF NOT EXISTS "socialaccount_socialtoken" ("id" integer NOT NULL PRIMARY KEY AUTOINCREMENT, "token" text NOT NULL, "token_secret" text NOT NULL, "expires_at" datetime NULL, "account_id" integer NOT NULL REFERENCES "socialaccount_socialaccount" ("id") DEFERRABLE INITIALLY DEFERRED, "app_id" integer NULL REFERENCES "socialaccount_socialapp" ("id") DEFERRABLE INITIALLY DEFERRED);
CREATE TABLE IF NOT EXISTS "socialaccount_socialaccount" ("id" integer NOT NULL PRIMARY KEY AUTOINCREMENT, "provider" varchar(200) NOT NULL, "uid" varchar(191) NOT NULL, "last_login" datetime NOT NULL, "date_joined" datetime NOT NULL, "user_id" integer NOT NULL REFERENCES "auth_user" ("id") DEFERRABLE INITIALLY DEFERRED, "extra_data" text NOT NULL CHECK ((JSON_VALID("extra_data") OR "extra_data" IS NULL)));
CREATE TABLE IF NOT EXISTS "products_category" ("id" integer NOT NULL PRIMARY KEY AUTOINCREMENT, "friendly_name" varchar(254) NULL, "name" varchar(254) NOT NULL);
INSERT INTO products_category VALUES(1,'Activewear','activewear');
INSERT INTO products_category VALUES(2,'Bed & Bath','bed_bath');
INSERT INTO products_category VALUES(3,'Clearance','clearance');
INSERT INTO products_category VALUES(4,'Deals','deals');
INSERT INTO products_category VALUES(5,'Essentials','essentials');
INSERT INTO products_category VALUES(6,'Jeans','jeans');
INSERT INTO products_category VALUES(7,'Kitchen & Dining','kitchen_dining');
INSERT INTO products_category VALUES(8,'New Arrivals','new_arrivals');
INSERT INTO products_category VALUES(9,'Shirts','shirts');
INSERT INTO products_category VALUES(10,'Shoes','Shoes');
INSERT INTO products_category VALUES(11,'Skateboard','Skateboard');
CREATE TABLE IF NOT EXISTS "checkout_orderlineitem" ("id" integer NOT NULL PRIMARY KEY AUTOINCREMENT, "product_size" varchar(2) NULL, "quantity" integer NOT NULL, "lineitem_total" decimal NOT NULL, "order_id" bigint NOT NULL REFERENCES "checkout_order" ("id") DEFERRABLE INITIALLY DEFERRED, "product_id" bigint NOT NULL REFERENCES "products_product" ("id") DEFERRABLE INITIALLY DEFERRED);
INSERT INTO checkout_orderlineitem VALUES(1,'m',1,65.98999999999999489,1,16);
INSERT INTO checkout_orderlineitem VALUES(2,'m',5,329.9499999999999887,2,16);
INSERT INTO checkout_orderlineitem VALUES(3,NULL,1,20,3,13);
INSERT INTO checkout_orderlineitem VALUES(4,'W38L38',1,69,4,175);
INSERT INTO checkout_orderlineitem VALUES(5,'W38L38',1,69,5,175);
INSERT INTO checkout_orderlineitem VALUES(6,'W38L38',1,69,6,175);
INSERT INTO checkout_orderlineitem VALUES(7,NULL,1,58.99000000000000198,7,2);
INSERT INTO checkout_orderlineitem VALUES(8,NULL,1,53.99000000000000198,8,28);
INSERT INTO checkout_orderlineitem VALUES(9,'W38L38',1,69,9,175);
INSERT INTO checkout_orderlineitem VALUES(10,NULL,5,269.9499999999999887,10,1);
INSERT INTO checkout_orderlineitem VALUES(11,NULL,1,29.98999999999999844,11,111);
INSERT INTO checkout_orderlineitem VALUES(12,NULL,1,169.990000000000009,12,63);
INSERT INTO checkout_orderlineitem VALUES(13,NULL,1,169.990000000000009,13,63);
CREATE TABLE IF NOT EXISTS "checkout_order" ("id" integer NOT NULL PRIMARY KEY AUTOINCREMENT, "order_number" varchar(32) NOT NULL, "full_name" varchar(50) NOT NULL, "email" varchar(254) NOT NULL, "phone_number" varchar(20) NOT NULL, "postcode" varchar(20) NULL, "town_or_city" varchar(40) NOT NULL, "street_address1" varchar(80) NOT NULL, "street_address2" varchar(80) NULL, "county" varchar(80) NULL, "date" datetime NOT NULL, "delivery_cost" decimal NOT NULL, "order_total" decimal NOT NULL, "grand_total" decimal NOT NULL, "original_bag" text NOT NULL, "stripe_pid" varchar(254) NOT NULL, "country" varchar(2) NOT NULL, "user_profile_id" bigint NULL REFERENCES "profiles_userprofile" ("id") DEFERRABLE INITIALLY DEFERRED);
INSERT INTO checkout_order VALUES(1,'05667140C55046E89D32DD38A3977B80','Pierre Nilsson','pirrefixus@gmail.com','0728715771','44734','V책rg책rda','Bonde v채gen 6','Bonde v채gen 6',NULL,'2024-01-12 15:34:49.021109',0,65.98999999999999489,65.98999999999999489,'{"16": {"items_by_size": {"m": 1}}}','pi_3OXmkTCZxLkz2nsU1ffOlMzb','SE',NULL);
INSERT INTO checkout_order VALUES(2,'D429AACEC33C44D0A6927DDA51438189','Pierre Nilsson','pirrefixus@gmail.com','00000000000','66666','town','testveij1',NULL,NULL,'2024-01-12 15:36:07.071273',0,329.9499999999999887,329.9499999999999887,'{"16": {"items_by_size": {"m": 5}}}','pi_3OXmlbCZxLkz2nsU09Vqw9yf','SE',2);
INSERT INTO checkout_order VALUES(3,'1C2F88B9450142E1A7DBCD2FFA023604','sasdc sczczsc','pirrefixus@gmail.com','00000000000','66666','town','testveij1',NULL,NULL,'2024-01-12 16:13:39.183049',2,20,22,'{"13": 1}','pi_3OXnM9CZxLkz2nsU02APDsN5','SE',2);
INSERT INTO checkout_order VALUES(4,'F144F3824593425B8C701EDFC1F1645D','sasdc sczczsc','pirrefixus@gmail.com','00000000000','66666','town','testveij1',NULL,NULL,'2024-01-18 11:04:45.642523',0,69,69,'{"175": {"items_by_size": {"W38L38": 1}}}','pi_3OZtO5CZxLkz2nsU0GkryQhb','SE',2);
INSERT INTO checkout_order VALUES(5,'1D1617A15FF54DF0A222F7F15AFC8EB6','sasdc sczczsc','pirrefixus@gmail.com','00000000000','66666','town','testveij1',NULL,NULL,'2024-01-18 11:13:22.596628',0,69,69,'{"175": {"items_by_size": {"W38L38": 1}}}','pi_3OZtWrCZxLkz2nsU1aEt5twi','SE',2);
INSERT INTO checkout_order VALUES(6,'4D6873823D09476E8CF25996D9EC22D1','sasdc sczczsc','pirrefixus@gmail.com','00000000000','66666','town','testveij1',NULL,NULL,'2024-01-18 11:22:28.339327',0,69,69,'{"175": {"items_by_size": {"W38L38": 1}}}','pi_3OZtfYCZxLkz2nsU1SzJp6GY','SE',2);
INSERT INTO checkout_order VALUES(7,'A6215BF069524329BACBCAA5DB6EDC2E','sasdc sczczsc','pirrefixus@gmail.com','00000000000','66666','town','testveij1',NULL,NULL,'2024-01-18 11:23:16.457910',0,58.99000000000000198,58.99000000000000198,'{"2": 1}','pi_3OZtgPCZxLkz2nsU0EBiZtnn','SE',2);
INSERT INTO checkout_order VALUES(8,'83EC9E7E985D46469283A6D70E41FCAD','sasdc sczczsc','pirrefixus@gmail.com','00000000000','66666','town','testveij1',NULL,NULL,'2024-01-18 11:24:00.926520',0,53.99000000000000198,53.99000000000000198,'{"28": 1}','pi_3OZth3CZxLkz2nsU0CZ0znsn','SE',2);
INSERT INTO checkout_order VALUES(9,'9E290B535745494981F4EBD7D106C448','sasdc sczczsc','pirrefixus@gmail.com','00000000000','66666','town','testveij1',NULL,NULL,'2024-01-18 13:16:49.982966',0,69,69,'{"175": {"items_by_size": {"W38L38": 1}}}','pi_3OZv2ICZxLkz2nsU0dw51iCx','SE',2);
INSERT INTO checkout_order VALUES(10,'4126C58A81534A438A412225DB9B5C03','tfgdfg','gfdfgd@hdfh.se','728715771','dfgdfgfd','dgfgdfg','gfdfgdf','gfdfgdfg',NULL,'2024-01-19 09:53:37.191411',0,269.9499999999999887,269.9499999999999887,'{"1": 5}','pi_3OaEkpCZxLkz2nsU09lIDd1L','AL',2);
INSERT INTO checkout_order VALUES(11,'82449E7A7D2248FFA99E83E1549D83FA','jkhkjhkj','pirrefixus@gmail.com','+46762132781','44734','kjhlkjh','jkhjhkjhkj','jkhjhkjhkj',NULL,'2024-01-24 19:27:28.617987',3,29.98999999999999844,32.99000000000000198,'{"111": 1}','pi_3OcC6FCZxLkz2nsU15L2T02W','SE',NULL);
INSERT INTO checkout_order VALUES(12,'0D4D124487864182835373B227747AC1','jkhkjhkj','pirrefixus@gmail.com','+46762132781','44734','kjhlkjh','jkhjhkjhkj','jkhjhkjhkj',NULL,'2024-01-25 09:05:38.595049',0,169.990000000000009,169.990000000000009,'{"63": 1}','pi_3OcOs8CZxLkz2nsU1YU1SLFd','SE',NULL);
INSERT INTO checkout_order VALUES(13,'5633FCF999834CB1B7F1E06ADA49CD0F','jkhkjhkj','pirrefixus@gmail.com','+46762132781','44734','kjhlkjh','jkhjhkjhkj','jkhjhkjhkj',NULL,'2024-01-25 09:12:44.228537',0,169.990000000000009,169.990000000000009,'{"63": 1}','pi_3OcOz0CZxLkz2nsU12bOYZtZ','SE',NULL);
CREATE TABLE IF NOT EXISTS "products_product" ("id" integer NOT NULL PRIMARY KEY AUTOINCREMENT, "sku" varchar(254) NULL, "name" varchar(254) NOT NULL, "description" text NOT NULL, "price" decimal NOT NULL, "rating" decimal NULL, "image" varchar(100) NULL, "image_url" varchar(1024) NULL, "category_id" bigint NULL REFERENCES "products_category" ("id") DEFERRABLE INITIALLY DEFERRED, "has_sizes" bool NULL);
INSERT INTO products_product VALUES(1,'pp5001340155','Arizona Original Bootcut Jeans','Bootcut jeans in our just-right original fit are comfortable and look great too.  5-pocket style sits below waist straight fit through seat and thigh bootcut leg 18" leg opening cotton washable imported extended sizes and washes available online only',53.99000000000000198,4.599999999999999644,'DP0709201205510679M.jpg','http://s7d9.scene7.com/is/image/JCPenney/DP0709201205510679M.tif?hei=380&amp;wid=380&op_usm=.4,.8,0,0&resmode=sharp2&op_usm=1.5,.8,0,0&resmode=sharp',6,1);
INSERT INTO products_product VALUES(2,'pp5001600425','Liz Claiborne Audra Classic Fit Straight Leg Pants','Straight-leg styling and on-the-job comfort make our Audra pants a flattering business decision. flat front zip fly with hook-and-bar closure 2 front and 2 back welt pockets 34 1/2" inseam polyester/rayon/spandex washable imported',58.99000000000000198,4.599999999999999644,'DP0113201617034987M.jpg','http://s7d9.scene7.com/is/image/JCPenney/DP0113201617034987M.tif?hei=380&amp;wid=380&op_usm=.4,.8,0,0&resmode=sharp2&op_usm=1.5,.8,0,0&resmode=sharp',4,1);
INSERT INTO products_product VALUES(3,'pp5001730010','Royal Velvet Matte Satin Square 3-pc. Coverlet Set','Add a 5-star resort feel to your bedroom with the elegant Matte Satin Square coverlet set, featuring modern embroidered squares and flanged trim.  square embroidered pattern flanged-edge trim fabric is washable for easy care 3-piece set includes: coverlet 2 shams Polyester coverlet with cotton fill; polyester shams. Washable. Imported. Full/Queen: coverlet is 92x96" King: coverlet is 110x96"',205.990000000000009,4.700000000000000177,'DP1230201417013175M.jpg','http://s7d9.scene7.com/is/image/JCPenney/DP1230201417013175M.tif?hei=380&amp;wid=380&op_usm=.4,.8,0,0&resmode=sharp2&op_usm=1.5,.8,0,0&resmode=sharp',2,0);
INSERT INTO products_product VALUES(4,'pp5001890157','Gibson Infinite Glaze 16-pc. Dinnerware Set','An exhibition in contrast, this dinnerware sets simple, clean design is perfect for both everyday use and special occasions. durable stoneware construction microwave and oven safe service for 4 16-piece set includes: four 10" dinner plates four 7" dessert plates four 6" bowls four 12-ounce mugs Stoneware. Dishwasher safe. Imported.',169.990000000000009,3,'DP0716201503423610M.jpg','http://s7d9.scene7.com/is/image/JCPenney/DP0716201503423610M.tif?hei=380&amp;wid=380&op_usm=.4,.8,0,0&resmode=sharp2&op_usm=1.5,.8,0,0&resmode=sharp',7,0);
INSERT INTO products_product VALUES(5,'pp5002111605','Simply Calphalon Enameled Cast Iron Panini Pan','Durable enameled cast iron construction allows the panini pan to heat evenly, so you can whip up a meal with ease and complete confidence.  cooks with little to no oils or fats so every recipe is healthier nonstick interior for quick and easy clean-ups stainless steel knob on cover enameled cast iron heats evenly and consistently stove, broiler and oven safe Cast iron/stainless steel. Dishwasher safe. Imported. ',232.990000000000009,5,'DP1115201210371197C.jpg','http://s7d9.scene7.com/is/image/JCPenney/DP1115201210371197C.tif?hei=380&amp;wid=380&op_usm=.4,.8,0,0&resmode=sharp2&op_usm=1.5,.8,0,0&resmode=sharp',7,0);
INSERT INTO products_product VALUES(6,'pp5002260206','The Foundry Supply Co. Solid Pocket TeeBig & Tall','Get a better basic tee in a size that truly fits with this pocket t-shirt from The Foundry Supply Co.  short-sleeve, crew-neck tee left chest pocket 100% cotton washable imported',30.98999999999999844,4.700000000000000177,'DP0624201520422666C.jpg','http://s7d9.scene7.com/is/image/JCPenney/DP0624201520422666C.tif?hei=380&amp;wid=380&op_usm=.4,.8,0,0&resmode=sharp2&op_usm=1.5,.8,0,0&resmode=sharp',9,0);
INSERT INTO products_product VALUES(7,'pp5002440521','Liz Claiborne Classic Sophie Secretly Slender Trouser Leg Pants - Plus','Walk a little taller in our slimming straight-leg pants. flat front slim fit straight leg front fly with nylon zipper, hook and bar closure 32" inseam polyester/rayon/spandex washable imported ',59,4.400000000000000356,'DP0226201317034754M.jpg','http://s7d9.scene7.com/is/image/JCPenney/DP0226201317034754M.tif?hei=380&amp;wid=380&op_usm=.4,.8,0,0&resmode=sharp2&op_usm=1.5,.8,0,0&resmode=sharp',4,0);
INSERT INTO products_product VALUES(8,'pp5002601115','Rachael Ray Ceramic Olive Oil Dispenser','This olive oil dispenser is designed for storing extra virgin olive oil, so it''s close at hand for drizzling on food.  24-ounce capacity cruet opaque bottle and non-porous glazed interior keep oil in the dark to avoid oxidation and preserve taste playful, contemporary design Stoneware. Dishwasher-safe. Imported.',36.99000000000000198,4.5,'DP0926201317071162M.jpg','http://s7d2.scene7.com/is/image/JCPenney/DP0926201317071162M.tif?wid=65&hei=65&fmt=jpg&op_usm=.4,.8,0,0&resmode=sharp2',7,0);
INSERT INTO products_product VALUES(9,'pp5002690715','Protech Performance Sheet Set','Protech sheets are like activewear for your bed! The same cutting edge technology that is used in today''s sportswear is also used in these Protech Plus sheets to give you a better night''s sleep. Breathable ultra-fine microfiber wicks away moisture, keeping your body cool throughout the night while a 4-way stretch component allows you comfort in movement. This stretching ability also helps while making the bed, fitting most premium size mattresses; you won''t have to struggle to get the sheets to fit all the way around.  4-way stretch component allows you comfort in movement available in a variety of solid colors microfiber knit fits mattresses up to 19" deep Set includes: fitted sheet flat sheet 2 pillowcases Polyester/spandex. Washable. Imported. Full: 54x75 Queen: 60x80 King: 78x80 Cal. King: 72x84',169.990000000000009,4.700000000000000177,'DP1020201517025390M.jpg','http://s7d2.scene7.com/is/image/JCPenney/DP1020201517025390M.tif?wid=65&hei=65&fmt=jpg&op_usm=.4,.8,0,0&resmode=sharp2',2,0);
INSERT INTO products_product VALUES(10,'pp5002701115','Reflections Set of 4 Microfiber Napkins','Complete the look of your table setting with these easy-care microfiber napkins.  great for everyday use or entertaining liquid-resistant design helps protect against spills set of 4 Polyester.Each measures 19x19". Washable. Imported.',33.99000000000000198,4.400000000000000356,'DP0418201317011949M.jpg','http://s7d2.scene7.com/is/image/JCPenney/DP0418201317011949M.tif?wid=65&hei=65&fmt=jpg&op_usm=.4,.8,0,0&resmode=sharp2',7,0);
INSERT INTO products_product VALUES(11,'pp5002761055','Chef Designs Black-Trimmed Cook ShirtBig & Tall','Stylish black-trim cook shirt from Chef Designs is just what you need for a confident, professional presence in the kitchen.  contrasting black stand collar black front buttons left chest pocket short hemmed sleeves squared bottom hem polyester/cotton washable imported of domestic fabric more sizes: regular, big',29.98999999999999844,3,'0900631B81B0C2D9M.jpg','http://s7d2.scene7.com/is/image/JCPenney/0900631B81B0C2D9M.tif?wid=65&hei=65&fmt=jpg&op_usm=.4,.8,0,0&resmode=sharp2',9,0);
INSERT INTO products_product VALUES(12,'pp5002820069','Nike 3-pk. Performance Crew Socks - Boys','Keep him moving in comfort all day with quality Nike crew socks.  arch support reinforced toe and heel cotton/polyester/spandex washable imported',19.98999999999999843,4.599999999999999644,'DP0510201317010521M.jpg','http://s7d2.scene7.com/is/image/JCPenney/DP0510201317010521M.tif?wid=65&hei=65&fmt=jpg&op_usm=.4,.8,0,0&resmode=sharp2',1,0);
INSERT INTO products_product VALUES(13,'pp5002820147','Champion Jersey Tee','Compete, exercise or simply relax in comfort with a classic tee from Champion, the brand that''s been making quality athletic apparel since 1919.  regular fit crewneck taped neck left chest logo embroidery cotton except oxford and granite heather are cotton/polyester washable imported',20,3.200000000000000177,'DP0430201405053680M.jpg','http://s7d2.scene7.com/is/image/JCPenney/DP0430201405053680M.tif?wid=65&hei=65&fmt=jpg&op_usm=.4,.8,0,0&resmode=sharp2',9,0);
INSERT INTO products_product VALUES(14,'pp5002910572','Stafford 4-pk. Blended Cotton A-Shirts','Stafford Big & Tall ribbed athletic t-shirts deliver the tagless comfort and breathable performance he needs.  super soft, quick-drying, durable fabric preshrunk for lasting fit reinforced durable stitching tag free cotton/polyester washable imported ',26.98999999999999844,4.700000000000000177,'0900631B81C9387BM.jpg','http://s7d2.scene7.com/is/image/JCPenney/0900631B81C9387BM.tif?wid=65&hei=65&fmt=jpg&op_usm=.4,.8,0,0&resmode=sharp2',5,0);
INSERT INTO products_product VALUES(15,'pp5002990740','Stafford 4-pk. Heavyweight Crewneck T-ShirtsBig & Tall','Soft and comfortable, two of his favorite things together in this heavyweight cotton tee from Stafford.  combed cotton heavier fabric for durability preshunk for lasting fit premium seaming reduces twisting tag free cotton washable imported',48.99000000000000198,4.799999999999999823,'DP1029201317111469M.jpg','http://s7d9.scene7.com/is/image/JCPenney/DP1029201317111469M.tif?hei=380&amp;wid=380&op_usm=.4,.8,0,0&resmode=sharp2&op_usm=1.5,.8,0,0&resmode=sharp',5,0);
INSERT INTO products_product VALUES(16,'pp5003050248','Levi''s 529 Curvy Bootcut Jeans','Levis 529 curvy bootcut jeans are flattering and perfect for any timeday or night.  sits below the waist slim fit through hip and thigh bootcut leg with 18" opening smooth bottom 8" front rise; 15" back rise cotton/polyester/elastane washable imported misses average: 32" inseam',65.98999999999999489,4.400000000000000356,'DP0918201520303373C.jpg','http://s7d9.scene7.com/is/image/JCPenney/DP0918201520303373C.tif?hei=380&amp;wid=380&op_usm=.4,.8,0,0&resmode=sharp2&op_usm=1.5,.8,0,0&resmode=sharp',6,1);
INSERT INTO products_product VALUES(17,'pp5003070787','Worthington Essential Short-Sleeve Tee - Plus','Our stretchy jersey knit tee''s gently pleated neckline makes a simply sweet impression.  pleated u-neck short sleeves polyester/spandex washable imported ',33.99000000000000198,4.400000000000000356,'DP1119201520340305C.jpg','http://s7d2.scene7.com/is/image/JCPenney/DP1119201520340305C.tif?wid=65&hei=65&fmt=jpg&op_usm=.4,.8,0,0&resmode=sharp2',5,0);
INSERT INTO products_product VALUES(18,'pp5003090182','Marvel Comics Avengers Hulk Pillow Buddy','The Hulk may be tough, but he''s actually a real softy. Get to know his softer side with this fun Hulk-shaped pillow.  adds a playful layer of texture and comfort to bed''s decor measures 15x9x20"H Polyester with polyester fill. Spot clean. Imported.',59.99000000000000198,4.799999999999999823,'DP0807201317072274M.jpg','http://s7d2.scene7.com/is/image/JCPenney/DP0807201317072274M.tif?wid=65&hei=65&fmt=jpg&op_usm=.4,.8,0,0&resmode=sharp2',2,0);
INSERT INTO products_product VALUES(19,'pp5003090186','Marvel Spiderman Pillow Buddy','Now your child can sling webs next to his favorite wall crawler with this Spider-Man pillow buddy. shaped like everyone''s favorite web head measures 15x9x20"H Polyester with polyester fill. Spot clean. Imported.',60.99000000000000198,5,'DP0807201317072924M.jpg','http://s7d2.scene7.com/is/image/JCPenney/DP0807201317072924M.tif?wid=65&hei=65&fmt=jpg&op_usm=.4,.8,0,0&resmode=sharp2',2,0);
INSERT INTO products_product VALUES(20,'pp5003161326','JCPenney Home Oven Mitt','Keep it cool in the kitchen with this lined oven mitt.  silicone grip protects hand from heat up to 350F contrast woven houndstooth trim fits comfortably on left or right hand handy hanging tie Sold individually. Cotton with cotton lining. Measures 7x13". Washable. Imported. ',20.98999999999999843,4.700000000000000177,'DP0821201317103183M.jpg','http://s7d9.scene7.com/is/image/JCPenney/DP0821201317103183M.tif?hei=380&amp;wid=380&op_usm=.4,.8,0,0&resmode=sharp2&op_usm=1.5,.8,0,0&resmode=sharp',7,0);
INSERT INTO products_product VALUES(21,'pp5003230723','Farberware Sonoma 2-qt. Whistling Tea Kettle','The classic, trusted quality of Farberware pairs nicely with this durable stainless steel teakettle. Gelatin, hot chocolate or a cup of soupthe uses for a teakettle don''t stop at tea.  whistle feature signals when water is at a boil removable lid makes kettle easy to fill 2-qt. capacity Stainless steel. Dishwasher safe. Imported. ',60.99000000000000198,4.299999999999999823,'0900631B81D676AEM.jpg','http://s7d9.scene7.com/is/image/JCPenney/0900631B81D676AEM.tif?hei=380&amp;wid=380&op_usm=.4,.8,0,0&resmode=sharp2&op_usm=1.5,.8,0,0&resmode=sharp',7,0);
INSERT INTO products_product VALUES(22,'pp5003270936','Silver Superman Shield Cufflinks','Superman shield cuff links are a work of art, and a subtle and stylish way to properly honor the man of steel.  one-piece fixed backing featuring the DC Comics logo  x " rhodium plated metal/enamel imported',76.98999999999999489,5,'DP0917201317033820M.jpg','http://s7d2.scene7.com/is/image/JCPenney/DP0917201317033820M.tif?wid=65&hei=65&fmt=jpg&op_usm=.4,.8,0,0&resmode=sharp2',4,0);
INSERT INTO products_product VALUES(23,'pp5003360384','Dickies Heavyweight Long-Sleeve Pocket Tee','When your workday calls for a heavyweight tee, grab this long-sleeve one from Dickies and enjoy industrial-strength comfort from the brand you trust.  chest pocket tagless back neck taped neck and shoulder seams cotton washable imported',29.98999999999999844,4.799999999999999823,'DP0927201317061305M.jpg','http://s7d9.scene7.com/is/image/JCPenney/DP0927201317061305M.tif?hei=380&amp;wid=380&op_usm=.4,.8,0,0&resmode=sharp2&op_usm=1.5,.8,0,0&resmode=sharp',9,0);
INSERT INTO products_product VALUES(24,'pp5003440111','Royal Velvet Down Chamber Pillow','The Down Chamber pillow, with its unique pillow-in-pillow design, offers all-natural comfort. With an inner core of springy, high-loft feathers wrapped in an outer layer of silk, luxurious down, you''ll receive supportive, lofty comfort. The gusset allows for additional neck support so you can sleep comfortably. inner chamber of springy, True Loft feathers provides superior all-natural comfort and support outer layer of silky, soft down adds lasting cushioning and comfort 550 fill power 300 thread-count cotton cover is hypoallergenic medium support for stomach or side sleepers hypoallergenic Cotton cover; duck feather and down fill. Washable. Manufacturer''s 4-year limited warranty. Assembled in America from imported fabric. Standard/Queen pillow: 20x28"; 32-ounce fill weight King pillow: 20x36"; 39-ounce fill weight Be sure to care for your investment with a pillow protector. It''s an added layer of protection that willhelpkeep your pillow clean and fresh. ',82,3.799999999999999823,'DP1023201317051585M.jpg','http://s7d9.scene7.com/is/image/JCPenney/DP1023201317051585M.tif?hei=380&amp;wid=380&op_usm=.4,.8,0,0&resmode=sharp2&op_usm=1.5,.8,0,0&resmode=sharp',2,0);
INSERT INTO products_product VALUES(25,'pp5003540313','Dickies Heavyweight Fleece Full Zip HoodieBig & Tall','This soft fleece jacket is a heavyweight champ that works overtime to keep the chill away.  drawcord closure on hood kangaroo pocket rib-knit cuffs and waistband cotton/polyester washable imported',106.9899999999999949,3,'DP1108201317050996M.jpg','http://s7d2.scene7.com/is/image/JCPenney/DP1108201317050996M.tif?wid=65&hei=65&fmt=jpg&op_usm=.4,.8,0,0&resmode=sharp2',9,0);
INSERT INTO products_product VALUES(26,'pp5003560513','JCPenney Home Ashley Scalloped Stoneware 50-pc. Dinnerware Set - Service for 8','A glossy glaze and scalloped rim add a fun feel to this oversized dinnerware set that includes enough pieces to set the table for everyday dining or a special dinner party.  adds a layer of texture to your place setting generous size is perfect for small or large parties microwave safe service for 8 50-piece set includes: eight 10 dinner plates eight 7 salad plates eight 6 cereal bowls with 22-ounce capacity eight 4 fruit bowls with 8-ounce capacity eight 3 dip bowls with 3-ounce capacity eight 12-ounce mugs one 9 serving bowl with 60-ounce capacity one 8.75x12 serving platter Stoneware. Dishwasher safe. Imported.',241.990000000000009,4.400000000000000356,'DP0219201502115503C.jpg','http://s7d9.scene7.com/is/image/JCPenney/DP0219201502115503C.tif?hei=380&amp;wid=380&op_usm=.4,.8,0,0&resmode=sharp2&op_usm=1.5,.8,0,0&resmode=sharp',7,0);
INSERT INTO products_product VALUES(27,'pp5003560948','Rachael Ray Porcelain II 10-pc. Cookware Set','Youll really get cooking with this incredible, hard-enamel cookware set as it contains all the basic pieces to ensure youll get your use out of each and every pan.  heats quickly and evenly, reducing hot spots that can burn foods long-lasting, nonstick cooking surface allows food to release from the pan, making cleanup quick and easy sylish two-tone gradient exterior adds color and style to any kitchen handles are rubberized for comfort, dual-riveted for durability and oven safe to 350F 10-piece set includes: 1-quart saucepan with lid 2-quart saucepad with lid 3-quart saut pan with lid 6-quart stock pot with lid 8" skillet 10" skillet Aluminum/porcelain/silicone. Hand wash. Imported.   ',338.990000000000009,5,'DP0610201317080834M.jpg','http://s7d9.scene7.com/is/image/JCPenney/DP0610201317080834M.tif?hei=380&amp;wid=380&op_usm=.4,.8,0,0&resmode=sharp2&op_usm=1.5,.8,0,0&resmode=sharp',7,0);
INSERT INTO products_product VALUES(28,'pp5003570628','Hanes 3pk. Cotton Crewneck TShirts  Big & Tall','This midweight t-shirt from Hanes features ultra-soft cotton for superior comfort you''ll reach for everyday.  all-day comfortable fit longer stay-tucked length tagless midweight ComfortSoft cotton fabric cotton washable imported',53.99000000000000198,4.299999999999999823,'0900631B818ABCB9M.jpg','http://s7d9.scene7.com/is/image/JCPenney/0900631B818ABCB9M.tif?hei=380&amp;wid=380&op_usm=.4,.8,0,0&resmode=sharp2&op_usm=1.5,.8,0,0&resmode=sharp',4,0);
INSERT INTO products_product VALUES(29,'pp5003620308','Chenille Lines Bath Rug Collection','Keep your feet happy with our soft tufted bath rugs. They''re available in a variety of complementary colors to suit your style.  ultra-soft 1" pile microfiber polyester durable, tufted design resists matting nonskid latex backing Each rug sold separately. Polyester. Washable. Imported. Available in sizes 17x24", 21x34", or 27x45"',31.98999999999999844,4.599999999999999644,'DP0422201517022488M.jpg','http://s7d9.scene7.com/is/image/JCPenney/DP0422201517022488M.tif?hei=380&amp;wid=380&op_usm=.4,.8,0,0&resmode=sharp2&op_usm=1.5,.8,0,0&resmode=sharp',2,0);
INSERT INTO products_product VALUES(30,'pp5003690115','Home Expressions Jacobean Stripe Oblong Decorative Pillow','Our Jacobean Stripe oblong pillow adds classic style and elegance to your room.  soothing shades of green, blue, coral and ivory  pieced fabric with rice-stitched detail a perfect complement to the Jacobean Stripe quilt, sold separately measures 18x12"  Cotton with polyester fill. Spot clean. Imported.',72.98999999999999489,5,'DP0113201417050002M.jpg','http://s7d2.scene7.com/is/image/JCPenney/DP0113201417050002M.tif?wid=65&hei=65&fmt=jpg&op_usm=.4,.8,0,0&resmode=sharp2',2,0);
INSERT INTO products_product VALUES(31,'pp5003690116','Armitron Now Womens Crystal-Accent White Leather Strap Watch','Genuine leather and sparkling CRYSTALLIZED - Swarovski Elements set this watch apart as a high-quality luxury, perfect for women looking for the finer things in life.  Brand: Armitron Dial Color: White Strap: White leather Accents: 10 CRYSTALLIZED - Swarovski Elements Clasp: Buckle Movement: Quartz Case Width: 22mm Case Thickness: 9mm Bracelet Dimensions: 8 long, 23mm wide Model No.: 75/5089WTGPWT Special Features: white dial, white leather strap, 10 CRYSTALLIZED - Swarovski Elements markers, sweeping second hand Jewelry photos are enlarged to show detail.',69.98999999999999489,4,'DP0213201417022274M.jpg','http://s7d2.scene7.com/is/image/JCPenney/DP0213201417022274M.tif?wid=65&hei=65&fmt=jpg&op_usm=.4,.8,0,0&resmode=sharp2',3,0);
INSERT INTO products_product VALUES(32,'pp5003780391','Nike NA Swoosh Dri-FIT Cotton Tee','Get a tee that fits your active lifestyle, like this moisture-wicking, cotton-rich crewneck with crosshatch swoosh design.  Dri-FIT Cotton moisture management technology helps keep you cool and dry crewneck cotton/polyester washable imported',35.99000000000000198,4.799999999999999823,'DP1028201517024563M.jpg','http://s7d2.scene7.com/is/image/JCPenney/DP1028201517024563M.tif?wid=65&hei=65&fmt=jpg&op_usm=.4,.8,0,0&resmode=sharp2',9,0);
INSERT INTO products_product VALUES(33,'pp5003790542','Liz Claiborne 300tc Liquid Cotton Set of 2 Pillowcases','Rest easy with these silky-smooth, 300 thread-count Liquid Cotton pilowcases. Engineered with the finest 100% cotton Pima yarns, these sumptous pillowcases have the sheen of silk and are ready to give you your best night''s sleep yet.  made with extra-fine yarn for an incredibly smooth feel soft 300 thread-count Pima cotton with the feel and sheen of silk tightly woven fabric washes well and offers lasting performance great moisture absorbency due to extra-long staple cotton set of 2 Cotton. Washable. Imported. Standard pillowcase: 21x30" King pillowcase: 21x40"',58.99000000000000198,4.5,'DP0422201617033665M.jpg','http://s7d9.scene7.com/is/image/JCPenney/DP0422201617033665M.tif?hei=380&amp;wid=380&op_usm=.4,.8,0,0&resmode=sharp2&op_usm=1.5,.8,0,0&resmode=sharp',2,0);
INSERT INTO products_product VALUES(34,'pp5003831225','Stafford Year-Round Pleated PantsBig & Tall','Indispensable wrinkle resistant and machine washable pants, with a hidden expandable waistline, offer year-round wear in colors that go with any season.  hidden expandable waistband for ease of movement wrinkle-resistant machine washable big & tall fit with slight fullness in seat and hip; thigh has additional room double-pleated front 4 pockets button closure with hook-and-eye straight leg cuffed polyester/viscose washable imported more sizes in big',93.9899999999999949,4.5,'DP0915201413433903C.jpg','http://s7d9.scene7.com/is/image/JCPenney/DP0915201413433903C.tif?hei=380&amp;wid=380&op_usm=.4,.8,0,0&resmode=sharp2&op_usm=1.5,.8,0,0&resmode=sharp',5,0);
INSERT INTO products_product VALUES(35,'pp5003861402','Arizona Super-Skinny Jeans','Our super-skinny jeans feature a feminine cut for a flattering fit that will make you miss them when theyre in the dryer.  approx. 29"  34" inseam cotton/polyester/spandex washable imported',50.99000000000000198,4.700000000000000177,'DP0430201405113681M.jpg','http://s7d9.scene7.com/is/image/JCPenney/DP0430201405113681M.tif?hei=380&amp;wid=380&op_usm=.4,.8,0,0&resmode=sharp2&op_usm=1.5,.8,0,0&resmode=sharp',6,0);
INSERT INTO products_product VALUES(36,'pp5003910638','Nike 3-pk. Dri-FIT Fly Rise Crew Socks','With moisture-wicking fabric, durability and shock absorption, these socks go the extra mile so that you can too.  dri-FIT moisture technology wicking keeps feet cool and dry maximum breathability cushioned footbed for comfort arch compression for perfected fit reinforced heel & toe for durability cushioned foot nylon/cotton/polyester/spandex washable imported',23.98999999999999844,4.599999999999999644,'DP0401201417083996M.jpg','http://s7d2.scene7.com/is/image/JCPenney/DP0401201417083996M.tif?wid=65&hei=65&fmt=jpg&op_usm=.4,.8,0,0&resmode=sharp2',4,0);
INSERT INTO products_product VALUES(37,'pp5003950574','Royal Velvet Egyptian Cotton Solid Bath Towels','These Egyptian cotton bath towels complete your bath with a splash of color and a touch of luxurious softness. 2-ply construction provides extra softness incredibly soft and absorbent hollow yarns get fluffier after every wash coordinates with the Royal Velvet plush bath rug, sold separately Egyptian cotton. Washable. Imported. Bath towel: 30x56" Hand towel: 16x28" Washcloth: 13x13" Bath sheet: 34x64" Tub mat: 21x34" 6-piece set including 2 bath towels, 2 hand towels and 2 washcloths. You can purchase these towels individually, but your best value is to buy the six-piece set altogether. This set will give your bathroom a coordinated look and feel while saving you money. Care tip: Some lint may be observed in the first few launderings of towels, and will diminish with each subsequent laundering. This does not affect the look, feel or performance of your towels. Please follow the recommended care instructions on the label and keep the lint trap clean on your dryer. Care tip: Avoid contact with skincare products to help minimize towel spotting or bleaching. Eco-friendly tip: This towel is made with long-lasting quality in mind. Give it a second life when you''re through with it by donating it to a local charity instead of discarding in the trash. **This product meets the Green Good Housekeeping Seal environmental standard for Textiles for following strict industry standard and energy-efficient production processes and for J.C. Penney''s corporate social responsibility efforts.',21.98999999999999843,4,'DP0828201517030241M.jpg','http://s7d9.scene7.com/is/image/JCPenney/DP0828201517030241M.tif?hei=380&amp;wid=380&op_usm=.4,.8,0,0&resmode=sharp2&op_usm=1.5,.8,0,0&resmode=sharp',2,0);
INSERT INTO products_product VALUES(38,'pp5003950576','Levinsohn Master Block All-In-One Mattress Protector',' Perfect for your son or daughter as they head off for college, this zippered mattress protector from Levinsohn features a three-layer micro-porous barrier to protect against bed bugs and dust mites.   quilted 200 thread-count fabric waterproof, stain resistant and antimicrobial  Polypropylene/polyethylene with polyester skirt. Washable. Imported.  Twin mattress protector: 39x75" Twin XL mattress protector: 39x80"',60.99000000000000198,4.5,'DP0403201417141773M.jpg','http://s7d9.scene7.com/is/image/JCPenney/DP0403201417141773M.tif?hei=380&amp;wid=380&op_usm=.4,.8,0,0&resmode=sharp2&op_usm=1.5,.8,0,0&resmode=sharp',2,0);
INSERT INTO products_product VALUES(39,'pp5003960062','Home Expressions Microfiber Twin XL Sheet Set','Show off your fun side with this microfiber sheet set in exciting patterns and colors.  soft microfiber fabric feels great easy-care, long-lasting construction fitted sheet fits mattresses up to 14" deep Set includes: flat sheet fitted sheet pillowcase Polyester. Washable. Imported. Twin XL: flat 66x96"; fitted 39x80"; pillowcase 21x32"',41.99000000000000198,3.799999999999999823,'DP0715201417203832M.jpg','http://s7d2.scene7.com/is/image/JCPenney/DP0715201417203832M.tif?wid=65&hei=65&fmt=jpg&op_usm=.4,.8,0,0&resmode=sharp2',3,0);
INSERT INTO products_product VALUES(40,'pp5003960682','Cake Boss Powdered Sugar Shaker with Lid','Sprinkle more sweet love over cakes, cookies and more with the Cake Boss stainless steel powdered sugar shaker with lid.  holds one cup of dry ingredients and is perfect for shaking confectioner''s sugar, cocoa power, cinnamon and more over desserts and baked goods crafted from top-quality stainless steel with a tight-fitting, fine mesh cap includes a snug-fitting translucent plastic lid to cover the opening and keep air and moisture away from sugars and other ingredients Stainless steel. Dishwasher safe. Imported. ',31.98999999999999844,5,'DP0430201405213832M.jpg','http://s7d9.scene7.com/is/image/JCPenney/DP0430201405213832M.tif?hei=380&amp;wid=380&op_usm=.4,.8,0,0&resmode=sharp2&op_usm=1.5,.8,0,0&resmode=sharp',7,0);
INSERT INTO products_product VALUES(41,'pp5003960775','Cake Boss Set of 2 Silicone Baking Mats','Reach for the Cake Boss two-piece set of silicone baking mats every time you bake for fun and easy cookie making, just like the Boss!  durable, professional-quality silicone mats are the ideal pan liners for baking and cookie sheets, so there''s no need for aerosol sprays, pan greasing or parchment paper each mat features convenient measurement markings to take the guesswork out of baking use these as a handy and versatile work surface for rolling pastry and cookie doughs, and help to protect countertops for decorating cupcakes and other treats crafted from flexible, durable silicone, favored by bakers for its functionality and dependability perfectly sized for standard cookie sheets and baking pans, with convenient measurement lines along both sides heat safe to 450F includes two 9x13" silicone baking mats Silicone. Top-rack dishwasher safe. Imported. ',41.99000000000000198,3,'DP0430201405232442M.jpg','http://s7d9.scene7.com/is/image/JCPenney/DP0430201405232442M.tif?hei=380&amp;wid=380&op_usm=.4,.8,0,0&resmode=sharp2&op_usm=1.5,.8,0,0&resmode=sharp',7,0);
INSERT INTO products_product VALUES(42,'pp5003990736','Corelle Livingware 16-pc. Dinnerware Set','Strike the perfect balance between fun and functional with this 16-piece dinnerware set featuring an eye-catching pattern.  Vitrelle glass is a special tempered glass consisting of 3 glass layers pressed together for a thin design with added strength break, chip and scratch resistant for carefree durability microwave and oven safe 16-piece set includes: four 10" dinner plates four 6" luncheon plates four 18-ounce bowls four 11-ounce mugs Vitrelle glass; stoneware mugs. Dishwasher safe. Some pieces made in America; some pieces imported.',118.9899999999999949,4.700000000000000177,'DP0519201417080443M.jpg','http://s7d2.scene7.com/is/image/JCPenney/DP0519201417080443M.tif?wid=65&hei=65&fmt=jpg&op_usm=.4,.8,0,0&resmode=sharp2',7,0);
INSERT INTO products_product VALUES(43,'pp5003990746','Cuisinart Round Classic Waffle Maker','Wake up your breakfast or brunch menu with crispy, delicious waffles made with this durable, dependable waffle iron. Stainless steel housing features nonstick baking plates. Custom-control knobs for perfect browning. Heavy weight lid won''t rise during baking so your waffles brown evenly on both sides.  red and green ready-to-bake/ready-to-eat indicator lights 5-setting brown control with regulating thermostat recipe book included. 1000W',65.98999999999999489,4,'0900631B8140782DM.jpg','http://s7d2.scene7.com/is/image/JCPenney/0900631B8140782DM.tif?wid=65&hei=65&fmt=jpg&op_usm=.4,.8,0,0&resmode=sharp2',7,0);
INSERT INTO products_product VALUES(44,'pp5004111503','The Foundry Supply Co. Quick-Dri PoloBig & Tall','Moisture-wicking polo is rich in Pima cotton for a luxuriously soft shirt that keeps you cool and dry.  Quick-Dri moisture-wicking fabric flat knit collar 3-button placket tennis tail with taped side vents cotton/polyester washable imported',60.99000000000000198,4.900000000000000355,'DP0421201520311379C.jpg','http://s7d9.scene7.com/is/image/JCPenney/DP0421201520311379C.tif?hei=380&amp;wid=380&op_usm=.4,.8,0,0&resmode=sharp2&op_usm=1.5,.8,0,0&resmode=sharp',5,0);
INSERT INTO products_product VALUES(45,'pp5004230059','JCPenney Home Ultra Soft Micro Fleece Blanket','Super soft and undeniably cuddly, this micro-fleece blanket will keep you warm and comforted all year long.  brushed micro fleece for extra softness lightweight warmth anti-pilling treatment on one side Polyester. Washable. Imported. Twin: 60x90" Full/Queen: 90x90" King blanket: 108x90"',41,4.599999999999999644,'DP0716201503421212M.jpg','http://s7d9.scene7.com/is/image/JCPenney/DP0716201503421212M.tif?hei=380&amp;wid=380&op_usm=.4,.8,0,0&resmode=sharp2&op_usm=1.5,.8,0,0&resmode=sharp',2,0);
INSERT INTO products_product VALUES(46,'pp5004310089','Cottonloft Natural Cotton Blanket','Keep warm all year round with this hypoallergenic blanket featuring Cottonloft technology that keeps you warm when it''s cold, but also cooler when it''s warm due to the natural properties of cotton.  lofted cotton fill breathable fluffy, soft and warm 100% cotton fill and cover 240 thread count taped edge Cotton. Washable. Imported. Twin: 66x90" Full/Queen: 90x90" King: 110x90"',162.990000000000009,4.5,'DP0722201417110136M.jpg','http://s7d9.scene7.com/is/image/JCPenney/DP0722201417110136M.tif?hei=380&amp;wid=380&op_usm=.4,.8,0,0&resmode=sharp2&op_usm=1.5,.8,0,0&resmode=sharp',2,0);
INSERT INTO products_product VALUES(47,'pp5004610254','Konitz Dots and Stripes Set of 2 Bone China Mugs','As these simple, beautiful mugs go to show, dots and stripes are classic patterns that never go out of style.  sturdy bone china construction easy-grip handles each has a 14-ounce capacity microwave safe set of 2 Bone china. Dishwasher safe. Imported.',48.99000000000000198,5,'DP1017201420511297C.jpg','http://s7d9.scene7.com/is/image/JCPenney/DP1017201420511297C.tif?hei=380&amp;wid=380&op_usm=.4,.8,0,0&resmode=sharp2&op_usm=1.5,.8,0,0&resmode=sharp',7,0);
INSERT INTO products_product VALUES(48,'pp5004650050','Jacques Mort 2-pk. Short-Sleeve Leotard - Girls','Shell get plenty of use from this versatile short-sleeve leotard from Jacques Moret.  nylon washable imported',34.99000000000000198,3,'DP0919201417043014M.jpg','http://s7d2.scene7.com/is/image/JCPenney/DP0919201417043014M.tif?wid=65&hei=65&fmt=jpg&op_usm=.4,.8,0,0&resmode=sharp2',1,0);
INSERT INTO products_product VALUES(49,'pp5004821375','Disney Cars McQueen Pillow Buddy','Life is a highway, and with this McQueen decorative pillow, your child can pretend that highway is wherever the road will take them. Lightning McQueen-shaped pillow adds and extra layer of detail and texture to bedding Polyester. Measures 9x8x19". Spot clean. Imported.',60.99000000000000198,4,'DP1015201417131329M.jpg','http://s7d9.scene7.com/is/image/JCPenney/DP1015201417131329M.tif?hei=380&amp;wid=380&op_usm=.4,.8,0,0&resmode=sharp2&op_usm=1.5,.8,0,0&resmode=sharp',2,0);
INSERT INTO products_product VALUES(50,'pp5004900522','Dockers Long-Sleeve No-Wrinkle Woven Shirt','Achieve effortless everyday style in this no-wrinkle woven shirt from Dockers. no-wrinkle fabric button-down collar left chest pocket with logo embroidery cotton/polyester washable imported',66.98999999999999489,4.599999999999999644,'DP1202201412542357M.jpg','http://s7d9.scene7.com/is/image/JCPenney/DP1202201412542357M.tif?hei=380&amp;wid=380&op_usm=.4,.8,0,0&resmode=sharp2&op_usm=1.5,.8,0,0&resmode=sharp',9,0);
INSERT INTO products_product VALUES(51,'pp5004910158','Stylus Short-Sleeve V-Neck Slub Tee - Plus','The classic styling and soft slub fabric of our v-neck tee will make it one of the most versatile pieces in your closet.  cotton washable imported',19.98999999999999843,3.799999999999999823,'DP1019201520531375C.jpg','http://s7d9.scene7.com/is/image/JCPenney/DP1019201520531375C.tif?hei=380&amp;wid=380&op_usm=.4,.8,0,0&resmode=sharp2&op_usm=1.5,.8,0,0&resmode=sharp',5,0);
INSERT INTO products_product VALUES(52,'pp5004910477','Philips Airfryer Grill Pan','Created exclusively for the Philips Airfryer (sold separately), this grill pan has a ridged surface to grill and sear meat, fish and vegetables. nonstick surface is ideal for delicate food and is easy to clean perfect for grilling and searing meat, fish and vegetables perforated surface creates ideal air flow while grilling Aluminum. Measures 6.7x7.1x3.3"H. Dishwasher safe. Imported. ',88.98999999999999489,5,'DP1124201417012025M.jpg','http://s7d2.scene7.com/is/image/JCPenney/DP1124201417012025M.tif?wid=65&hei=65&fmt=jpg&op_usm=.4,.8,0,0&resmode=sharp2',7,0);
INSERT INTO products_product VALUES(53,'pp5004940703','Claiborne Short-Sleeve Woven Shirt','This easy-match cotton poplin from Claiborne offers the color and comfort you love in an everyday favorite. point collar button front short sleeves side pleat back slightly rounded hem cotton washable imported',53.99000000000000198,3.700000000000000177,'DP1220201417020921M.jpg','http://s7d2.scene7.com/is/image/JCPenney/DP1220201417020921M.tif?wid=65&hei=65&fmt=jpg&op_usm=.4,.8,0,0&resmode=sharp2',3,0);
INSERT INTO products_product VALUES(54,'pp5004991006','adidas Adilogo Shock Energy Tee','Crewneck tee from adidas sends shockwaves through your athletic style with captivating tonal colors on an oversized logo print. crewneck short sleeves polyester/cotton washable imported',26.98999999999999844,5,'DP0414201520383920C.jpg','http://s7d9.scene7.com/is/image/JCPenney/DP0414201520383920C.tif?hei=380&amp;wid=380&op_usm=.4,.8,0,0&resmode=sharp2&op_usm=1.5,.8,0,0&resmode=sharp',9,0);
INSERT INTO products_product VALUES(55,'pp5004991162','adidas climacool Boxer Briefs','These climacool mesh boxer briefs are the ideal blend of performance and comfort, with a streamlined fit to complement your body''s movement. fabric combines soft finish with moisture-wicking management mesh panels for ventilation double-lined support pouch no ride-up leg construction non-chafing stitching tag free polyester/spandex washable imported',28.98999999999999844,4.5,'DP0428201617042837M.jpg','http://s7d9.scene7.com/is/image/JCPenney/DP0428201617042837M.tif?hei=380&amp;wid=380&op_usm=.4,.8,0,0&resmode=sharp2&op_usm=1.5,.8,0,0&resmode=sharp',4,0);
INSERT INTO products_product VALUES(56,'pp5005000046','Stylus Slim Straight-Leg Jeans - Plus','Give your style a classic cool edge in our must-have slim-fit straight-leg jeans. 5-pocket styling button-and-zip closure plus short: 31" inseam cotton/rayon/polyester/spandex washable imported',65.98999999999999489,3.899999999999999912,'DP0113201523230512M.jpg','http://s7d9.scene7.com/is/image/JCPenney/DP0113201523230512M.tif?hei=380&amp;wid=380&op_usm=.4,.8,0,0&resmode=sharp2&op_usm=1.5,.8,0,0&resmode=sharp',6,0);
INSERT INTO products_product VALUES(57,'pp5005070254','Worthington Sateen Cropped Pants - Petite','From the workweek to weekend fun, our sateen cropped pants are a perfect way to make sure you''re always flaunting a put-together look. zipper closure 2 front slash pockets 2 faux back pockets 18" inseam black white print: cotton/polyester/spandex all others: cotton/nylon/spandex washable imported',66,4.700000000000000177,'DP0323201517042926M.jpg','http://s7d2.scene7.com/is/image/JCPenney/DP0323201517042926M.tif?wid=65&hei=65&fmt=jpg&op_usm=.4,.8,0,0&resmode=sharp2',3,0);
INSERT INTO products_product VALUES(58,'pp5005071145','Madison Park Essentials Concord Reversible Complete Bedding Set with Sheets','Create a chic look in your space with this bedding set featuring a comforter with a geometric fretwork design that''s inverted on the other side for fresh, versatile fabric. white and dusty teal tones reversible for two looks in one 180 thread-count printed sheet set fitted sheet fits twin mattresses up to 12" deep and all other sizes up to 14" deep 7-piece Twin set includes: comforter sham flat sheet fitted sheet pillowcase bedskirt with 15" drop decorative pillow 9-piece Full, Queen, King or Cal. King set includes: comforter 2 shams flat sheet fitted sheet 2 pillowcases bedskirt with 15" drop decorative pillow Coordinating accessories sold separately. Twin, Full and Queen sets include standard sham(s). King and Cal. King sets include king shams. Polyester comforter and decorative pillow with polyester fill; polyester shams and bedskirt; cotton sheets and pillowcases. Washable; spot clean decorative pillows. Imported. Twin: comforter is 68x86"; sham is 26x20"; flat sheet is 66x96"; fitted sheet is 39x75"; pillowcase is 30x20"; bedskirt is 75x39"; decorative pillow is 18x12" Full: comforter is 78x86"; shams are 26x20"; flat sheet is 81x96"; fitted sheet is 54x75"; pillowcases are 30x20"; bedskirt is 75x54"; decorative pillow is 18x12" Queen: comforter is 90x90"; shams are 26x20"; flat sheet is 90x102"; fitted sheet is 60x80"; pillowcases are 30x20"; bedskirt is 80x60"; decorative pillow is 18x12" King: comforter is 104x92"; shams are 36x20"; flat sheet is 108x102"; fitted sheet is 78x80"; pillowcases are 40x20"; bedskirt is 80x78"; decorative pillow is 18x12" Cal. King: comforter is 104x92"; shams are 36x20"; flat sheet is 108x102"; fitted sheet is 72x84"; pillowcases are 40x20"; bedskirt is 72x84"; decorative pillow is 18x12" King and Cal. King comforters are designed to be the same size, while the coordinating bedskirt is sized to fit the specific type you order.',265,3.299999999999999823,'DP0204201517030626M.jpg','http://s7d9.scene7.com/is/image/JCPenney/DP0204201517030626M.tif?hei=380&amp;wid=380&op_usm=.4,.8,0,0&resmode=sharp2&op_usm=1.5,.8,0,0&resmode=sharp',2,0);
INSERT INTO products_product VALUES(59,'pp5005140282','Keurig K250 2.0 Compact Brewer','This Keurig brewer features revolutionary technology designed to read the lid of each K-Cupor K-Carafe pack to brew the perfect beverage every timeall at the touch of a button. allows you to brew a piping hot 4-cup carafe with the same ease and convenience of a single-serve cup 40-ounce water reservoir black and white touch display most compact Keurig 2.0 brewing system Brewer includes: Keurig 2.0 water filter Keurig descaling solution K-Cup packs to get you started Plastic. Measures 13x9x13"H.Imported.',211.990000000000009,4,'DP0224201517023517M.jpg','http://s7d2.scene7.com/is/image/JCPenney/DP0224201517023517M.tif?wid=65&hei=65&fmt=jpg&op_usm=.4,.8,0,0&resmode=sharp2',7,0);
INSERT INTO products_product VALUES(60,'pp5005200166','Wrangler Reserve Authentic Relaxed-Fit Jeans-Big & Tall','When comfort and durability are a priority, reach for these premium denim jeans from Wrangler. sits at waist relaxed fit through seat and thigh 5-pocket styling straight leg cotton/spandex washable imported',65.98999999999999489,4.400000000000000356,'DP0320201517010207M.jpg','http://s7d9.scene7.com/is/image/JCPenney/DP0320201517010207M.tif?hei=380&amp;wid=380&op_usm=.4,.8,0,0&resmode=sharp2&op_usm=1.5,.8,0,0&resmode=sharp',4,0);
INSERT INTO products_product VALUES(61,'pp5005210241','Eva Longoria Home Solana 4-pc. Comforter Set','With a sophisticated palette and beautiful damask design, this comforter set will bring warmth and sophistication to your bedroom. 200 thread-count cotton sateen face; brushed polyester microfiber back lavender and gray tones shams have 1" flange bedskirt has 100% cotton drop and brushed polyester microfiber platform 4-piece set includes: comforter 2 shams bedskirt with 15" drop Coordinating accessories sold separately. Full and Queen sets include standard shams. King and Cal. King sets include king shams. Cotton comforter with polyester back and polyester fill; cotton shams with polyester back; cotton bedskirt with polyester platform. Washable. Imported. Full: comforter is 80x90"; shams are 26x20"; bedskirt is 54x75" Queen: comforter is 92x96"; shams are 26x20"; bedskirt is 60x80" King: comforter is 110x96"; shams are 36x20"; bedskirt is 78x80" Cal. King: comforter is 104x100"; shams are 36x20"; bedskirt is 72x84"',344.990000000000009,4.5,'DP0302201517030242M.jpg','http://s7d9.scene7.com/is/image/JCPenney/DP0302201517030242M.tif?hei=380&amp;wid=380&op_usm=.4,.8,0,0&resmode=sharp2&op_usm=1.5,.8,0,0&resmode=sharp',2,0);
INSERT INTO products_product VALUES(62,'pp5005280104','Carter''s 4-pc. Take Me Home Set - Baby Boys preemie-6m','Your ruff-and-tumble boy will stay snuggly warm in this adorable 4-piece set. includes bodysuit, tee, footed pants and cap bodysuit: nickel-free snaps on reinforced panel, long sleeves, embroidered, attached footies tee: expandable shoulders, short sleeves pants: elastic waist, attached footies with dog appliqu cap: embroidered, 3D ears 100% cotton washable imported',31.98999999999999844,5,'DP0401201517030651M.jpg','http://s7d2.scene7.com/is/image/JCPenney/DP0401201517030651M.tif?wid=65&hei=65&fmt=jpg&op_usm=.4,.8,0,0&resmode=sharp2',3,0);
INSERT INTO products_product VALUES(63,'pp5005310360','Pfaltzgraff Everyday Sandy Shore 16-pc. Dinnerware Set','Evoking a day at the beach with its coastal theme, this inviting dinnerware set features seashells and starfish over a solid tan background. durable stoneware construction microwave safe service for 4 16-piece set includes: four 11" dinner plates four 8" salad plates four 6" soup bowls four 12-ounce mugs Stoneware. Dishwasher safe. Imported.',169.990000000000009,5,'DP0408201517021489M.jpg','http://s7d9.scene7.com/is/image/JCPenney/DP0408201517021489M.tif?hei=380&amp;wid=380&op_usm=.4,.8,0,0&resmode=sharp2&op_usm=1.5,.8,0,0&resmode=sharp',7,0);
INSERT INTO products_product VALUES(64,'pp5005330595','Arizona Graphic Tee - Boys 8-20 and Husky','An edgy print on cotton-rich fabric will make this soft, durable tee a casual day favorite. crewneck short sleeves cotton/polyester washable imported ',19.98999999999999843,4.900000000000000355,'DP0527201520374912C.jpg','http://s7d2.scene7.com/is/image/JCPenney/DP0527201520374912C.tif?wid=65&hei=65&fmt=jpg&op_usm=.4,.8,0,0&resmode=sharp2',3,0);
INSERT INTO products_product VALUES(65,'pp5005330596','Armitron Now Womens Crystal-Accent White Leather Strap Watch','Genuine leather and sparkling CRYSTALLIZED - Swarovski Elements set this watch apart as a high-quality luxury, perfect for women looking for the finer things in life.  Brand: Armitron Dial Color: White Strap: White leather Accents: 10 CRYSTALLIZED - Swarovski Elements Clasp: Buckle Movement: Quartz Case Width: 22mm Case Thickness: 9mm Bracelet Dimensions: 8 long, 23mm wide Model No.: 75/5089WTGPWT Special Features: white dial, white leather strap, 10 CRYSTALLIZED - Swarovski Elements markers, sweeping second hand Jewelry photos are enlarged to show detail.',69.98999999999999489,4,'DP0213201417022274M.jpg','http://s7d2.scene7.com/is/image/JCPenney/DP0213201417022274M.tif?wid=65&hei=65&fmt=jpg&op_usm=.4,.8,0,0&resmode=sharp2',3,0);
INSERT INTO products_product VALUES(66,'pp5005430914','Nike Air Sickness Graphic Tee','Sick style is easily achieved with this colorful, Air-themed graphic tee from Nike, the one you want when youre getting ready to launch. non-restrictive crewneck short sleeves chest graphic with Swoosh 100% cotton washable imported',30.98999999999999844,4,'DP0515201517013144M.jpg','http://s7d2.scene7.com/is/image/JCPenney/DP0515201517013144M.tif?wid=65&hei=65&fmt=jpg&op_usm=.4,.8,0,0&resmode=sharp2',3,0);
INSERT INTO products_product VALUES(67,'pp5005430944','Claiborne Long-Sleeve Linen Shirt','Our washable linen shirt from Claiborne brings a breezy perspective to your daily dress in a variety of soft colors. point collar button front long sleeves left chest pocket adjustable button cuffs slightly rounded hem 100% linen washable imported',72.98999999999999489,4.5,'DP0515201517012588M.jpg','http://s7d2.scene7.com/is/image/JCPenney/DP0515201517012588M.tif?wid=65&hei=65&fmt=jpg&op_usm=.4,.8,0,0&resmode=sharp2',9,0);
INSERT INTO products_product VALUES(68,'pp5005510265','Arizona Bootcut Jeans','Pair your favorite top and accessories with our versatile bootcut jeans to create the perfect day-to-night look. 5-pocket styling cotton/polyester/spandex washable imported short: 29" inseam regular: 32" inseam long: 34" inseam',50.99000000000000198,4.700000000000000177,'DP0526201517022624M.jpg','http://s7d9.scene7.com/is/image/JCPenney/DP0526201517022624M.tif?hei=380&amp;wid=380&op_usm=.4,.8,0,0&resmode=sharp2&op_usm=1.5,.8,0,0&resmode=sharp',6,0);
INSERT INTO products_product VALUES(69,'pp5005520201','Home Expressions Microfiber Twin XL Sheet Set','Add softness and a splash of color to your bed with this ultra-comfy microfiber sheet set. wrinkle-resistant won''t pill or fade fitted sheet fits mattresses up to 14" deep 3-piece set includes: flat sheet fitted sheet pillowcase Polyester. Washable. Imported. Twin XL: flat sheet is 66x102"; fitted sheet is 39x80"; pillowcase is 32x21" ',42,4.299999999999999823,'DP0519201517025089M.jpg','http://s7d9.scene7.com/is/image/JCPenney/DP0519201517025089M.tif?hei=380&amp;wid=380&op_usm=.4,.8,0,0&resmode=sharp2&op_usm=1.5,.8,0,0&resmode=sharp',2,0);
INSERT INTO products_product VALUES(70,'pp5005520205','Isotonic Iso-Cool Memory Foam Contour Pillow','Sleep Betterwith the supremely plush Isotonic contour memory foam pillow that equalizes pressure and reduces tension.  300 thread-count cotton cover is zippered and hypoallergenic Outlast Adaptive Comfort technology regulates body temperature, absorbing and releasing body heat as needed contour shape promotes neck and shoulder comfort Sold individually.Visco-elastic memory foam measures 14x20x5"H. Cover is washable; spot clean foam. Manufacturer''s 5-year warranty. Made in America of imported materials. Be sure to care for your investment with a pillow protector. It''s an added layer of protection that willhelpkeep your pillow clean and fresh.  ',108.9899999999999949,4.200000000000000177,'0900631B8142A3AFM.jpg','http://s7d2.scene7.com/is/image/JCPenney/0900631B8142A3AFM.tif?wid=65&hei=65&fmt=jpg&op_usm=.4,.8,0,0&resmode=sharp2',2,0);
INSERT INTO products_product VALUES(71,'pp5005630545','totes Tracey Womens Cold-Weather Boots','Featuring a THERMOLITE fabric that keeps you warm and comfortable, these waterproof boots are perfect for wet or cold weather. synthetic upper approx. 9" shaft lace up fleece lining rubber sole Measurements are approximate and may vary by size.',108.9899999999999949,4.299999999999999823,'DP0608201517025373M.jpg','http://s7d9.scene7.com/is/image/JCPenney/DP0608201517025373M.tif?hei=380&amp;wid=380&op_usm=.4,.8,0,0&resmode=sharp2&op_usm=1.5,.8,0,0&resmode=sharp',8,0);
INSERT INTO products_product VALUES(72,'pp5005630605','Love Indigo Wing Back Flap Pocket Jeans','Classic wing embroidery and rhinestone studs embellish the back flap pockets of our denim jeans for eye-catching style. 5-pocket styling cotton/polyester/spandex washable imported',60.99000000000000198,4.599999999999999644,'DP0608201517035688M.jpg','http://s7d9.scene7.com/is/image/JCPenney/DP0608201517035688M.tif?hei=380&amp;wid=380&op_usm=.4,.8,0,0&resmode=sharp2&op_usm=1.5,.8,0,0&resmode=sharp',6,0);
INSERT INTO products_product VALUES(73,'pp5005630637','Love Indigo Embroidered Back Pocket Jeans','Glam up your look with the elaborately embroidered and sequined back yoke and pockets of our flattering denim jeans. 5-pocket styling cotton/rayon/polyester/spandex washable imported',60.99000000000000198,4.700000000000000177,'DP0608201517035747M.jpg','http://s7d9.scene7.com/is/image/JCPenney/DP0608201517035747M.tif?hei=380&amp;wid=380&op_usm=.4,.8,0,0&resmode=sharp2&op_usm=1.5,.8,0,0&resmode=sharp',6,0);
INSERT INTO products_product VALUES(74,'pp5005630638','Love Indigo Cross Back Flap Pocket Jeans','You''ll take a shine to the eye-catching sparkle of our flattering denim jeans with sequined and embroidered back pockets. 5-pocket styling cotton/polyester/spandex washable imported',60.99000000000000198,4.200000000000000177,'DP0608201517035763M.jpg','http://s7d9.scene7.com/is/image/JCPenney/DP0608201517035763M.tif?hei=380&amp;wid=380&op_usm=.4,.8,0,0&resmode=sharp2&op_usm=1.5,.8,0,0&resmode=sharp',6,0);
INSERT INTO products_product VALUES(75,'pp5005650677','Arizona Ankle-Zip Jeggings','Zipper styling at the ankles brings a funky edge to our flattering jeggings. 30" inseam 5-pocket styling cotton/rayon/polyester/spandex washable imported',48.99000000000000198,4.400000000000000356,'DP0612201517032350M.jpg','http://s7d9.scene7.com/is/image/JCPenney/DP0612201517032350M.tif?hei=380&amp;wid=380&op_usm=.4,.8,0,0&resmode=sharp2&op_usm=1.5,.8,0,0&resmode=sharp',6,0);
INSERT INTO products_product VALUES(76,'pp5005700140','Vanilla Star Embellished Skinny Jeans - Girls 7-16 and Plus','The eye-catching embellishment on the back pocket of these classic skinny jeans takes casual style to the next level. 5-pocket styling zip fly with button closure back pocket embellishments ramie/cotton/polyester/spandex washable imported',50.99000000000000198,5,'DP0831201520432399C.jpg','http://s7d9.scene7.com/is/image/JCPenney/DP0831201520432399C.tif?hei=380&amp;wid=380&op_usm=.4,.8,0,0&resmode=sharp2&op_usm=1.5,.8,0,0&resmode=sharp',6,0);
INSERT INTO products_product VALUES(77,'pp5005740430','Worthington 3/4-Sleeve Button-Front Oxford Shirt - Petite','Neat pleats parallel the hidden button-front placket of our comfy stretch-cotton shirt for anall-business finish.  shirt collar cuffed sleeves gently rounded hem approx. 25" - 26" center-back length cotton/spandex cheerful pink: cotton/polyester/spandex washable imported',36.99000000000000198,4.700000000000000177,'DP0526201623053167C.jpg','http://s7d9.scene7.com/is/image/JCPenney/DP0526201623053167C.tif?hei=380&amp;wid=380&op_usm=.4,.8,0,0&resmode=sharp2&op_usm=1.5,.8,0,0&resmode=sharp',5,0);
INSERT INTO products_product VALUES(78,'pp5005740561','a.n.a Skinny Jeans','Show off your polished, casual style with the slimming look of our versatile skinny jeans. mid rise 5-pocket styling shank button-and-zip closure cotton/rayon/polyester/spandex washable imported misses: 31" inseam misses short: 29" inseam misses long: 33" inseam petites: 28" inseam petites short: 25" inseam tall:32" inseam',60.99000000000000198,4.599999999999999644,'DP0623201517030671M.jpg','http://s7d9.scene7.com/is/image/JCPenney/DP0623201517030671M.tif?hei=380&amp;wid=380&op_usm=.4,.8,0,0&resmode=sharp2&op_usm=1.5,.8,0,0&resmode=sharp',6,0);
INSERT INTO products_product VALUES(79,'pp5005740634','a.n.a Bootcut Jeans','Your everyday go-to denim style, our classic bootcut jeans are the one to turn to for a flattering, leg-lengthening look. mid rise 5-pocket styling shank button-and-zip closure cotton/rayon/polyester/spandex washable imported misses average: 33" inseam misses short: 31" inseam misses long: 35" inseam petite: 29 1/2" inseam tall: 35" inseam',60.99000000000000198,4.5,'DP0623201517030686M.jpg','http://s7d9.scene7.com/is/image/JCPenney/DP0623201517030686M.tif?hei=380&amp;wid=380&op_usm=.4,.8,0,0&resmode=sharp2&op_usm=1.5,.8,0,0&resmode=sharp',6,0);
INSERT INTO products_product VALUES(80,'pp5005760088','Levi''s Houlihan Short-Sleeve Logo Tee','The iconic arcuate logo gets a geo-patterned upgrade on this heathered crewneck tee from Levis. crewneck short sleeves cotton/polyester washable imported ',29,5,'DP0702201517031050M.jpg','http://s7d2.scene7.com/is/image/JCPenney/DP0702201517031050M.tif?wid=65&hei=65&fmt=jpg&op_usm=.4,.8,0,0&resmode=sharp2',3,0);
INSERT INTO products_product VALUES(81,'pp5005810108','a.n.a Jeggings - Plus','Our sleek, stretchy jeggings will let you flaunt your silhouette to best advantage. super stretch mid rise fitted through hip and thigh super skinny leg flat front 5-pocket styling cotton/lyocell/polyester/spandex black, medium gray: rayon/cotton/polyester/spandex washable imported plus: 31" inseam plus short: 29" inseam',60.99000000000000198,4.700000000000000177,'DP0702201517033643M.jpg','http://s7d9.scene7.com/is/image/JCPenney/DP0702201517033643M.tif?hei=380&amp;wid=380&op_usm=.4,.8,0,0&resmode=sharp2&op_usm=1.5,.8,0,0&resmode=sharp',6,0);
INSERT INTO products_product VALUES(82,'pp5005820197','Nike Therma-FIT Pullover Hoodie - Boys 8-20','Add a cozy layer to any game-ready style with this insulated performance hoodie, featuring a pullover design and Therma-FIT fabric for warmth. Therma-FIT microfiber fleece fabric keeps you warm and insulated mesh-lined hood for breathable coverage long sleeves ribbed cuffs and hem kangaroo pocket polyester washable imported',48.99000000000000198,4.900000000000000355,'DP1008201517035763M.jpg','http://s7d9.scene7.com/is/image/JCPenney/DP1008201517035763M.tif?hei=380&amp;wid=380&op_usm=.4,.8,0,0&resmode=sharp2&op_usm=1.5,.8,0,0&resmode=sharp',1,0);
INSERT INTO products_product VALUES(83,'pp5005840598','Disney Collection Frozen Elsa Graphic Tee - Girls 2-12','Girly style gets a cool Frozen touch with this Elsa graphic tee. crewneck short sleeves glitter details 100% cotton washable imported',27,5,'DP0716201517033520M.jpg','http://s7d2.scene7.com/is/image/JCPenney/DP0716201517033520M.tif?wid=65&hei=65&fmt=jpg&op_usm=.4,.8,0,0&resmode=sharp2',3,0);
INSERT INTO products_product VALUES(84,'pp5005840776','Dickies Short-Sleeve Performance Polo','When performance counts, reach for this easy-care piqu polo from Dickies, featuring moisture-wicking technology and protection from the sun. moisture-wicking fabric fade and snag resistant UV protection rib-knit collar tagless neck for comfort 3-button placket side vents polyester washable imported',29.98999999999999844,5,'DP0717201517041911M.jpg','http://s7d2.scene7.com/is/image/JCPenney/DP0717201517041911M.tif?wid=65&hei=65&fmt=jpg&op_usm=.4,.8,0,0&resmode=sharp2',9,0);
INSERT INTO products_product VALUES(85,'pp5005850180','Sunbeam Comfy Toes Microplush Heated Throw','Snuggling on the couch just got better with this throw that has a pocket built in to help keep your feet from popping out and getting cold. foot pocket designed to keep feet nice and warm 3 heat settings 3-hour auto off 12'' cord measures 50x60" Polyester. Washable. Imported.',138.990000000000009,4.200000000000000177,'DP0527201517022924M.jpg','http://s7d9.scene7.com/is/image/JCPenney/DP0527201517022924M.tif?hei=380&amp;wid=380&op_usm=.4,.8,0,0&resmode=sharp2&op_usm=1.5,.8,0,0&resmode=sharp',3,0);
INSERT INTO products_product VALUES(86,'pp5005851218','Madison Park Lavinia 6-pc. Quilted Coverlet Set','A classic paisley print in contrasting brown and blue gives this coverlet set a timeless look that''s accented with coordinating print accessories for a rich, full new look. chocolate brown with baby blue and ivory colored paisley brown border on coverlet and shams decorative pillows feature embroidery, tucking and pleating details 6-piece sets include: coverlet 2 shams 3 decorative pillows Full/Queen sets include standard shams. King/Cal. King sets include king shams. Polyester coverlet with cotton, polyester, rayon and olefin fill; polyester decorative pillows with polyester fill; polyester shams. Washable; spot clean pillows. Imported. Full/Queen: coverlet is 90x90"; shams are 26x20"; decorative pillows are 18x18", 16x16" and 18x12" King/Cal. King: coverlet is 104x94"; shams are 36x20"; decorative pillows are 18x18", 16x16" and 18x12" For best results, launder in a large-capacity front-loading washer and dryer. If the coverlet doesn''t have free movement in the washer and dryer, a large-capacity commercial washer and dryer are recommended.',326.990000000000009,4.099999999999999644,'DP0714201504201760M.jpg','http://s7d9.scene7.com/is/image/JCPenney/DP0714201504201760M.tif?hei=380&amp;wid=380&op_usm=.4,.8,0,0&resmode=sharp2&op_usm=1.5,.8,0,0&resmode=sharp',2,0);
INSERT INTO products_product VALUES(87,'pp5005860175','Xersion Quick-Dri Performance Bootcut Pant - Short','Whether you''re working out or runningor heading to the coffee shop afterwardsour regular rise, slim-fit, bootcut pants will keep you comfortable. tight compression fit provides added comfort during workouts Quick-Dri moisture-wicking fabric helps keep you dry no-chafe seams won''t irritate your skin key pocket at inside waistband 30" inseam jersey knit polyester/spandex washable imported',58.99000000000000198,4.799999999999999823,'DP0710201517034239M.jpg','http://s7d9.scene7.com/is/image/JCPenney/DP0710201517034239M.tif?hei=380&amp;wid=380&op_usm=.4,.8,0,0&resmode=sharp2&op_usm=1.5,.8,0,0&resmode=sharp',4,0);
INSERT INTO products_product VALUES(88,'pp5005860263','Lugz Empire Hi Mens Water-Resistant Hiking Boots','Offering extra coverage with its high-top design, these water-resistant boots keep you looking good while you accomplish the task at hand. technology Flexa-stride memory foam insole construction synthetic upper rubber sole details lace up padded tongue and collar',108.9899999999999949,4,'DP0805201520415923C.jpg','http://s7d9.scene7.com/is/image/JCPenney/DP0805201520415923C.tif?hei=380&amp;wid=380&op_usm=.4,.8,0,0&resmode=sharp2&op_usm=1.5,.8,0,0&resmode=sharp',8,0);
INSERT INTO products_product VALUES(89,'pp5005870183','Made For Life Mesh Jacket - Plus','Layer our moisture-wicking mesh jacket over a tee or tank for breathable comfort all day long. Quick-Dri moisture-wicking fabric helps keep you dry front pockets approx. 27" - 28" length polyester washable imported',52.99000000000000198,5,'DP0724201517031934M.jpg','http://s7d2.scene7.com/is/image/JCPenney/DP0724201517031934M.tif?wid=65&hei=65&fmt=jpg&op_usm=.4,.8,0,0&resmode=sharp2',1,0);
INSERT INTO products_product VALUES(90,'pp5005870599','Stafford Travel Brown Check Suit Jacket - Classic Fit','Our brown check suit jacket updates your formal look with a easy-to-match pattern and a resilient fabric that wont get road-weary. crease-resistant and resilient fabric classic fit notch lapel 2-button front slant chest pocket front flap pockets 3 interior pockets (1 with triangle flap) fully lined side vents shell: wool/polyester body and sleeve lining: polyester dry clean only imported',244.990000000000009,4.400000000000000356,'DP0721201517041500M.jpg','http://s7d9.scene7.com/is/image/JCPenney/DP0721201517041500M.tif?hei=380&amp;wid=380&op_usm=.4,.8,0,0&resmode=sharp2&op_usm=1.5,.8,0,0&resmode=sharp',3,0);
INSERT INTO products_product VALUES(91,'pp5005870638','Arizona Raglan-Sleeve Thermal Pullover','Weather the season in sporty style with this slub thermal pullover, featuring a v-notched crewneck and contrasting raglan sleeves. Available in a variety of jeans-friendly colors. crewneck with v-notch long sleeves tarragon lt grey heather, lt grey heather/oatmeal, charcoal/lt grey heather: cotton/polyester all other colors: 100% cotton washable imported ',33.99000000000000198,4.400000000000000356,'DP0724201517024000M.jpg','http://s7d9.scene7.com/is/image/JCPenney/DP0724201517024000M.tif?hei=380&amp;wid=380&op_usm=.4,.8,0,0&resmode=sharp2&op_usm=1.5,.8,0,0&resmode=sharp',9,0);
INSERT INTO products_product VALUES(92,'pp5005910565','Made For Life Long-Sleeve Flyaway Cardigan','Pull your look together with our fluid, fine-gauge knit flyaway cardigan, an easy-going, lightweight layer for all your casual looks. cotton/polyester washable imported',50.99000000000000198,4.299999999999999823,'DP0731201517031510M.jpg','http://s7d9.scene7.com/is/image/JCPenney/DP0731201517031510M.tif?hei=380&amp;wid=380&op_usm=.4,.8,0,0&resmode=sharp2&op_usm=1.5,.8,0,0&resmode=sharp',1,0);
INSERT INTO products_product VALUES(93,'pp5005930313','Stafford Flannel Pajama Set - Big & Tall','This long-sleeve, flannel pajama set brings brushed cotton warmth to your cold-weather nights. includes top and pants washed for extra softness & reduced shrinkage notch collar long sleeves elastic waist with drawstring 100% cotton washable imported',70.98999999999999489,4.900000000000000355,'DP0807201517015600M.jpg','http://s7d2.scene7.com/is/image/JCPenney/DP0807201517015600M.tif?wid=65&hei=65&fmt=jpg&op_usm=.4,.8,0,0&resmode=sharp2',3,0);
INSERT INTO products_product VALUES(94,'pp5005940242','Arizona Flannel Shirt - Preschool Boys 4-7','This comfy flannel shirt is a cool-weather essential that welcomes chilly days with bright colors and fresh style. button front long sleeves 2 chest pockets 100% cotton washable imported',31.98999999999999844,3.700000000000000177,'DP0731201517024285M.jpg','http://s7d9.scene7.com/is/image/JCPenney/DP0731201517024285M.tif?hei=380&amp;wid=380&op_usm=.4,.8,0,0&resmode=sharp2&op_usm=1.5,.8,0,0&resmode=sharp',9,0);
INSERT INTO products_product VALUES(95,'pp5005940299','Vieste Green Stone Statement Necklace','Give any dress a sultry splash of style with this green stone statement necklace that''s sure to get you noticed. Metal: Gold-tone metal Stones: Glass stones Closure: Lobster clasp Dimensions: 18" long chain with 3" extender Jewelry photos are enlarged to show detail.',42.99000000000000198,5,'DP0810201517010458M.jpg','http://s7d2.scene7.com/is/image/JCPenney/DP0810201517010458M.tif?wid=65&hei=65&fmt=jpg&op_usm=.4,.8,0,0&resmode=sharp2',3,0);
INSERT INTO products_product VALUES(96,'pp5005941612','Bonnie Jean Plaid Dress and Cardigan - Girls Plus','Getting all dolled up is fun with this festive, twirlable dress and coordinating cardigan from Bonnie Jean. includes dress and cardigan dress: scoopneck, sleeveless, front bow cardigan: long sleeves, velvet dress: polyester/metallic cardigan: polyester/spandex machine wash, line dry imported',92.9899999999999949,5,'DP0805201517023421M.jpg','http://s7d2.scene7.com/is/image/JCPenney/DP0805201517023421M.tif?wid=65&hei=65&fmt=jpg&op_usm=.4,.8,0,0&resmode=sharp2',3,0);
INSERT INTO products_product VALUES(97,'pp5005980058','Arizona Quilted Sweatshirt - Toddler Girls 2t-5t','The quilted comfort and glittery style of this colorful sweatshirt make it the perfect grab-and-go look all season long. crewneck long sleeves quilted glitter detail cotton/polyester washable imported',26.98999999999999844,5,'DP0917201520473680C.jpg','http://s7d9.scene7.com/is/image/JCPenney/DP0917201520473680C.tif?hei=380&amp;wid=380&op_usm=.4,.8,0,0&resmode=sharp2&op_usm=1.5,.8,0,0&resmode=sharp',3,0);
INSERT INTO products_product VALUES(98,'pp5005980146','Arlee Jada Plaid Set of 4 Placemats','With festive colors and a classic plaid design, these placemats help create an inviting atmosphere for meals all season long. easy-care fabric set of 4 cotton/polyester each measures 19x13" washable imported.',58.99000000000000198,4.5,'DP0820201517013830M.jpg','http://s7d9.scene7.com/is/image/JCPenney/DP0820201517013830M.tif?hei=380&amp;wid=380&op_usm=.4,.8,0,0&resmode=sharp2&op_usm=1.5,.8,0,0&resmode=sharp',7,0);
INSERT INTO products_product VALUES(99,'pp5006070077','St. John''s Bay Short-Sleeve Polo Shirt - Plus','Get active in the cool breathability of our short-sleeve piqu knit polo shirt. open-front placket cotton/spandex washable imported',29.98999999999999844,4.400000000000000356,'DP0903201517023529M.jpg','http://s7d2.scene7.com/is/image/JCPenney/DP0903201517023529M.tif?wid=65&hei=65&fmt=jpg&op_usm=.4,.8,0,0&resmode=sharp2',5,0);
INSERT INTO products_product VALUES(100,'pp5006081758','Stylus Crossover Ankle Pants','Youll find so many ways to wear our slim-fit stretch-twill cropped pantsdressed up or down, to the office or on the weekendyou might want more than one pair. flat front hook-and-bar with zip closure 2 front slash pockets 2 back welt pockets cotton/spandex washable imported misses: 28" inseam petite: 26" inseam',53.99000000000000198,4.799999999999999823,'DP0908201517020936M.jpg','http://s7d9.scene7.com/is/image/JCPenney/DP0908201517020936M.tif?hei=380&amp;wid=380&op_usm=.4,.8,0,0&resmode=sharp2&op_usm=1.5,.8,0,0&resmode=sharp',4,0);
INSERT INTO products_product VALUES(101,'pp5006082011','Stafford Non-Iron Cotton Oxford Dress Shirt - Big & Tall','Enjoy the unparalleled fit and comfort of a classic with this 100% cotton oxford dress shirt from Stafford. non-iron performance fused collar, cuffs and front placket stay crisp and neat right out of the dryer specially sewn seams to lay flat and resist puckering button-down collar reinforced cross-stitched buttons are extremely durable chest pocket adjustable cuffs side gusset long shirttail that stays tucked cotton washable imported',72.98999999999999489,5,'DP0828201517024772M.jpg','http://s7d2.scene7.com/is/image/JCPenney/DP0828201517024772M.tif?wid=65&hei=65&fmt=jpg&op_usm=.4,.8,0,0&resmode=sharp2',9,0);
INSERT INTO products_product VALUES(102,'pp5006150186','a.n.a Long-Sleeve Colorblock Sweater','Prepare to get ultra-cozy in our luxuriously soft tri-tone colorblock sweater. crewneck ribbed hem and cuffs approx 27" - 29" front length 100% nylon machine wash, dry flat imported',71.98999999999999489,4,'DP0930201517050189M.jpg','http://s7d9.scene7.com/is/image/JCPenney/DP0930201517050189M.tif?hei=380&amp;wid=380&op_usm=.4,.8,0,0&resmode=sharp2&op_usm=1.5,.8,0,0&resmode=sharp',3,0);
INSERT INTO products_product VALUES(103,'pp5006153172','Stafford Travel Short-Sleeve Easy-Care Broadcloth Dress Shirt - Big & Tall','This Stafford everyday dress shirt is a wardrobe staple featuring our commitment to quality and wearability. easy care performance specially sewn seams to lay flat and resist puckering point collar reinforced cross-stitched buttons are extremely durable chest pocket cotton/polyester washable imported',55,4.200000000000000177,'DP1002201517022007M.jpg','http://s7d2.scene7.com/is/image/JCPenney/DP1002201517022007M.tif?wid=65&hei=65&fmt=jpg&op_usm=.4,.8,0,0&resmode=sharp2',3,0);
INSERT INTO products_product VALUES(104,'pp5006160127','Gloria Vanderbilt Amanda Jeans - Plus','You''ll love the flattering look and comfortable fit of our classic five-pocket jeans from Gloria Vanderbilt. mid rise straight leg 30" inseam white, cherry blossom: cotton/spandex antiqua ticking stripe: cotton/polyester/spandex washable imported',52.99000000000000198,5,'DP1230201520420777C.jpg','http://s7d2.scene7.com/is/image/JCPenney/DP1230201520420777C.tif?wid=65&hei=65&fmt=jpg&op_usm=.4,.8,0,0&resmode=sharp2',6,0);
INSERT INTO products_product VALUES(105,'pp5006160833','Made For Life Polar Fleece Vest','Add a lightweight layer of warmth to any outfit with our soft and plush plaid polar fleece vest. zip front front pockets polyester washable imported misses: approx. 26" - 28" front length petite: approx. 23" - 25" front length',30.98999999999999844,4.799999999999999823,'DP0929201502575389M.jpg','http://s7d2.scene7.com/is/image/JCPenney/DP0929201502575389M.tif?wid=65&hei=65&fmt=jpg&op_usm=.4,.8,0,0&resmode=sharp2',1,0);
INSERT INTO products_product VALUES(106,'pp5006170128','Frank and Lulu Holland Park Comforter Set','Whimsical embroidered floral medallions give this comforter set a cute look for someone special in your home. scalloped ribbon appliqu cotton/polyester with polyester fill washable twin comforter: 66x86" full comforter: 78x88" imported 2-piece twin sets include: comforter sham 3-piece full sets include: comforter 2 shams Coordinating accessories sold separately. Twin and full sets include standard sham(s).',166.990000000000009,4,'DP0921201517052807M.jpg','http://s7d9.scene7.com/is/image/JCPenney/DP0921201517052807M.tif?hei=380&amp;wid=380&op_usm=.4,.8,0,0&resmode=sharp2&op_usm=1.5,.8,0,0&resmode=sharp',2,0);
INSERT INTO products_product VALUES(107,'pp5006170131','Frank and Lulu Layne Sheet Set','This soft sheet set is sure to keep any bed looking great for a special someone in your home. fitted sheet fits mattresses up to 15" deep cotton washable imported 3-piece twin sets include: flat sheet fitted sheet pillowcase 4-piece full sets include: flat sheet fitted sheet 2 pillowcases Twin set includes standard pillowcase. Queen set includes two standard pillowcases.',71.98999999999999489,5,'DP0921201517052786M.jpg','http://s7d9.scene7.com/is/image/JCPenney/DP0921201517052786M.tif?hei=380&amp;wid=380&op_usm=.4,.8,0,0&resmode=sharp2&op_usm=1.5,.8,0,0&resmode=sharp',2,0);
INSERT INTO products_product VALUES(108,'pp5006170357','Jamaica Bay Printed Micro Volley Swim Trunks','From swimming to sand volleyball, enjoy easy movement in these microfiber swim trunks from Jamaica Bay. Available in a variety of bold, tropical prints. elastic waist with drawstring side-seam pockets mesh brief 7" inseam polyester washable imported',60.99000000000000198,3.700000000000000177,'DP1014201517031451M.jpg','http://s7d9.scene7.com/is/image/JCPenney/DP1014201517031451M.tif?hei=380&amp;wid=380&op_usm=.4,.8,0,0&resmode=sharp2&op_usm=1.5,.8,0,0&resmode=sharp',4,0);
INSERT INTO products_product VALUES(109,'pp5006200155','Arizona Raglan Henley Tee - Boys 8-20','Contrasting sleeves and a quarter placket lend sporty style to this cotton-rich raglan tee. 3-button placket long sleeves cotton/polyester washable imported',29.98999999999999844,5,'DP1021201517031368M.jpg','http://s7d9.scene7.com/is/image/JCPenney/DP1021201517031368M.tif?hei=380&amp;wid=380&op_usm=.4,.8,0,0&resmode=sharp2&op_usm=1.5,.8,0,0&resmode=sharp',3,0);
INSERT INTO products_product VALUES(110,'pp5006200658','Brooklyn Xpress Fleece Jogger Pants','Contrasting color accents help your cool-weather looks pop with these fleece joggers from Brooklyn Xpress. relaxed fit drawstring waist cuffed bottom polyester washable imported',53.99000000000000198,4.799999999999999823,'DP1016201517075816M.jpg','http://s7d2.scene7.com/is/image/JCPenney/DP1016201517075816M.tif?wid=65&hei=65&fmt=jpg&op_usm=.4,.8,0,0&resmode=sharp2',3,0);
INSERT INTO products_product VALUES(111,'pp5006241766','Bob Marely 1976 T-Shirt','Get yourself in a Jamaican state of mind with this tee featuring music legend Bob Marley. crewneck polyester/cotton/rayon washable imported',29.98999999999999844,1,'DP1022201517023782M.jpg','http://s7d2.scene7.com/is/image/JCPenney/DP1022201517023782M.tif?wid=65&hei=65&fmt=jpg&op_usm=.4,.8,0,0&resmode=sharp2',9,0);
INSERT INTO products_product VALUES(112,'pp5006242155','Diamond 24-pc. Bath Towel Set','This is a great everyday bath towel set in a traditional size and weight for those who don''t like heavy, oversized towels. Each piece features a decorative honeycomb border. soft and absorbent cotton washable imported 24-pc. set includes: eight bath towels measuring 24x50" eight hand towels measuring 16x27" eight wash towels measuring 12x12"',139.990000000000009,3,'DP1112201517050819M.jpg','http://s7d9.scene7.com/is/image/JCPenney/DP1112201517050819M.tif?hei=380&amp;wid=380&op_usm=.4,.8,0,0&resmode=sharp2&op_usm=1.5,.8,0,0&resmode=sharp',2,0);
INSERT INTO products_product VALUES(113,'pp5006242904','Arizona Raglan T-Shirt','Heathered raglan tee from Arizona has a soft look (and even softer feel) that pairs perfectly with denim. crewneck raglan sleeves cotton/polyester washable imported',23.98999999999999844,5,'DP1104201517020304M.jpg','http://s7d2.scene7.com/is/image/JCPenney/DP1104201517020304M.tif?wid=65&hei=65&fmt=jpg&op_usm=.4,.8,0,0&resmode=sharp2',9,0);
INSERT INTO products_product VALUES(114,'pp5006242905','Arizona Pocket T-Shirt','Arizona makes casual comfort easy with this pocket tee that has you looking good. crewneck chest pocket cotton/polyester washable imported ',24.98999999999999844,5,'DP1106201517012318M.jpg','http://s7d2.scene7.com/is/image/JCPenney/DP1106201517012318M.tif?wid=65&hei=65&fmt=jpg&op_usm=.4,.8,0,0&resmode=sharp2',9,0);
INSERT INTO products_product VALUES(115,'pp5006243106','Liz Claiborne City-Fit Skinny Jeans - Plus','Look the part of the urban fashionista in our skinny jeans that sit below the waist and are fitted through the hip and thigh. 5-pocket styling cotton/polyester/spandex washable imported plus: 31" inseam plus short: 29" inseam',58.99000000000000198,4,'DP1104201517021565M.jpg','http://s7d9.scene7.com/is/image/JCPenney/DP1104201517021565M.tif?hei=380&amp;wid=380&op_usm=.4,.8,0,0&resmode=sharp2&op_usm=1.5,.8,0,0&resmode=sharp',4,0);
INSERT INTO products_product VALUES(116,'pp5006243276','Nike Dri-FIT Base Layer Tights','These Nike tights provide the comfort and mobility that help you to maximize your workout. elastic waistband compression fit moisture wicking polyester/spandex washable imported',41,5,'DP0216201620412947C.jpg','http://s7d2.scene7.com/is/image/JCPenney/DP0216201620412947C.tif?wid=65&hei=65&fmt=jpg&op_usm=.4,.8,0,0&resmode=sharp2',4,0);
INSERT INTO products_product VALUES(117,'pp5006280064','Clarks Lexi Alloy Slide Strap Sandals','The OrthoLite cushioned footbed on these strap sandals make it possible for a cute and comfortable walk. technology Cushion Soft technology offers softness you can feel from your first step, long-lasting comfort and fit with minimal cushion compression optimal breathability via open-cell technology OrthoLite cushioned footbed absorbs impact and offers breathability, moisture management and is antimicrobial construction leather upper EVA sole details 2.25 heel',113.9899999999999949,4.799999999999999823,'DP1105201517015618M.jpg','http://s7d9.scene7.com/is/image/JCPenney/DP1105201517015618M.tif?hei=380&amp;wid=380&op_usm=.4,.8,0,0&resmode=sharp2&op_usm=1.5,.8,0,0&resmode=sharp',8,0);
INSERT INTO products_product VALUES(118,'pp5006280190','Liz Claiborne Long-Sleeve V-Neck Striped Tunic','Our Liz Claiborne striped tunic gives you that comfortable fit with a modern flare hem with just the right amount of movement. v-neck long sleeves rayon/spandex washable imported',44.99000000000000198,5,'DP1030201517035843M.jpg','http://s7d2.scene7.com/is/image/JCPenney/DP1030201517035843M.tif?wid=65&hei=65&fmt=jpg&op_usm=.4,.8,0,0&resmode=sharp2',1,0);
INSERT INTO products_product VALUES(119,'pp5006291997','Xersion Colorblock Yoga Shorts - Girls 7-16 and Plus','From the yoga studio to the couch, these yoga shorts will keep her comfy during all her daily activities and feature cool contrasted side panels for an extra bit of flair.  black/aqua/green: cotton/spandex gray/pink/orange: cotton/polyester/spandex washable imported',19.98999999999999843,5,'DP1119201517043586M.jpg','http://s7d2.scene7.com/is/image/JCPenney/DP1119201517043586M.tif?wid=65&hei=65&fmt=jpg&op_usm=.4,.8,0,0&resmode=sharp2',1,0);
INSERT INTO products_product VALUES(120,'pp5006310072','Vans Zone Bluts Short-Sleeve T-Shirt','Classic style and modern day comfort collide with this fun tee from Vans. crewneck 100% cotton washable imported',26.98999999999999844,5,'DP1124201517014225M.jpg','http://s7d9.scene7.com/is/image/JCPenney/DP1124201517014225M.tif?hei=380&amp;wid=380&op_usm=.4,.8,0,0&resmode=sharp2&op_usm=1.5,.8,0,0&resmode=sharp',9,0);
INSERT INTO products_product VALUES(121,'pp5006310446','Xersion Short-Sleeve V-Neck Graphic Tee - Girls 7-16 and Plus','Youre always a winner with this sporty graphic t-shirt that shows your love of soccer. cotton/polyester washable imported',19.98999999999999843,4.400000000000000356,'DP1222201517041287M.jpg','http://s7d2.scene7.com/is/image/JCPenney/DP1222201517041287M.tif?wid=65&hei=65&fmt=jpg&op_usm=.4,.8,0,0&resmode=sharp2',1,0);
INSERT INTO products_product VALUES(122,'pp5006310918','St. John''s Bay Short-Sleeve V-Neck T-Shirt','Our St. John''s Bay t-shirt is loaded with classic style that matches your effortless approach to dressing well. v-neck short sleeves misses: approx. 26" length petite: approx. 24" length 100% cotton washable imported',16.98999999999999843,4.599999999999999644,'DP0405201620454892C.jpg','http://s7d9.scene7.com/is/image/JCPenney/DP0405201620454892C.tif?hei=380&amp;wid=380&op_usm=.4,.8,0,0&resmode=sharp2&op_usm=1.5,.8,0,0&resmode=sharp',5,0);
INSERT INTO products_product VALUES(123,'pp5006310935','Alfred Dunner Denim Capris','Approach jeans in a new way with our Alfred Dunner denim capris and their adorable outlook. elastic waistband slash pockets approx. 19" inseam cotton/polyester/spandex washable imported',41.99000000000000198,4.400000000000000356,'DP1202201502000682M.jpg','http://s7d9.scene7.com/is/image/JCPenney/DP1202201502000682M.tif?hei=380&amp;wid=380&op_usm=.4,.8,0,0&resmode=sharp2&op_usm=1.5,.8,0,0&resmode=sharp',5,0);
INSERT INTO products_product VALUES(124,'pp5006311067','Worthington Short-Sleeve Scoopneck T-Shirt - Tall','Our Worthington t-shirt is a soft and feminine addition to your t-shirt collection and will quickly earn the position of favorite. scoopneck short sleeves approx. 27" length polyester/ spandex washable imported',49,4.799999999999999823,'DP1202201517021959M.jpg','http://s7d2.scene7.com/is/image/JCPenney/DP1202201517021959M.tif?wid=65&hei=65&fmt=jpg&op_usm=.4,.8,0,0&resmode=sharp2',5,0);
INSERT INTO products_product VALUES(125,'pp5006330197','Stylus Flare Jeans','Add a little retro to your wardrobe to create fashion fun with our Stylus flare jeans. high rise flare leg 5-pockets 32" inseam cotton/polyester/rayon/spandex washable imported ',60.99000000000000198,4.5,'DP1202201517023245M.jpg','http://s7d9.scene7.com/is/image/JCPenney/DP1202201517023245M.tif?hei=380&amp;wid=380&op_usm=.4,.8,0,0&resmode=sharp2&op_usm=1.5,.8,0,0&resmode=sharp',6,0);
INSERT INTO products_product VALUES(126,'pp5006330208','Marmellata Sleeveless Dotted Dress - Preschool Girls 4-6x','This light and breezy sleeveless dress is great for any spring or summer occasion and features a dotted chiffon skirt and matching dotted rosette on the waistline for a cute, girly touch.  back-button closure sleeveless polyester hand wash, line dry imported',69.98999999999999489,5,'DP1208201517020379M.jpg','http://s7d9.scene7.com/is/image/JCPenney/DP1208201517020379M.tif?hei=380&amp;wid=380&op_usm=.4,.8,0,0&resmode=sharp2&op_usm=1.5,.8,0,0&resmode=sharp',3,0);
INSERT INTO products_product VALUES(127,'pp5006333711','Levi''s 527 Bootcut Jeans - Boys 8-20, Slim and Husky','A favorite for easy wear, Levi''s 527 bootcut jeans are loose for a comfortable fit through the seat and thigh. They sit low on the waist and tilt higher in back.  5-pocket sits below waist leg opening approx. 17" bootcut fit cotton washable imported',48.99000000000000198,5,'DP0726201317024762M.jpg','http://s7d9.scene7.com/is/image/JCPenney/DP0726201317024762M.tif?hei=380&amp;wid=380&op_usm=.4,.8,0,0&resmode=sharp2&op_usm=1.5,.8,0,0&resmode=sharp',6,0);
INSERT INTO products_product VALUES(128,'pp5006340653','Mixit Whitney Leggings - Tall','Pair anything with these leggings and be on your way. wide waist cotton/spandex washable imported',30.98999999999999844,5,'DP1109201517012575M.jpg','http://s7d2.scene7.com/is/image/JCPenney/DP1109201517012575M.tif?wid=65&hei=65&fmt=jpg&op_usm=.4,.8,0,0&resmode=sharp2',8,0);
INSERT INTO products_product VALUES(129,'pp5006370013','Mixit Side Flower Jelly Strap Sandals','Classic flip flops get a gorgeous update with a flower on the strap. synthetic upper synthetic sole',26.98999999999999844,4.299999999999999823,'DP0105201617024447M.jpg','http://s7d9.scene7.com/is/image/JCPenney/DP0105201617024447M.tif?hei=380&amp;wid=380&op_usm=.4,.8,0,0&resmode=sharp2&op_usm=1.5,.8,0,0&resmode=sharp',8,0);
INSERT INTO products_product VALUES(130,'pp5006380233','Arizona Racerback Tank - Juniors Plus','Whether you like them layered or alone, our Arizona racerback tank top is a great addition to your tank collection. roundneck racerback sleeveless approx. 26" length polyester washable imported',21.98999999999999843,5,'DP0119201620405230C.jpg','http://s7d9.scene7.com/is/image/JCPenney/DP0119201620405230C.tif?hei=380&amp;wid=380&op_usm=.4,.8,0,0&resmode=sharp2&op_usm=1.5,.8,0,0&resmode=sharp',5,0);
INSERT INTO products_product VALUES(131,'pp5006380260','St. John''s Bay Long-Sleeve Camp Shirt','Our St. John''s Bay camp shirt is a real classic and is the perfect choice for many occasions. collar double yoke in back with pleat long sleeves with roll cuffs button front chest pockets button hem approx. 27" length 100% cotton washable imported ',42.99000000000000198,4.400000000000000356,'DP0224201620571013C.jpg','http://s7d2.scene7.com/is/image/JCPenney/DP0224201620571013C.tif?wid=65&hei=65&fmt=jpg&op_usm=.4,.8,0,0&resmode=sharp2',5,0);
INSERT INTO products_product VALUES(132,'pp5006380337','Alfred Dunner Essential Pull On Capri Pant','You''ll return to our Alfred Dunner pull-on capris again and again when you want an updated, casual look and all the comfort you love.  elastic waistband approx. 19-21" inseam slash pockets polyester washable imported   ',41.99000000000000198,4.700000000000000177,'DP1228201517142050M.jpg','http://s7d9.scene7.com/is/image/JCPenney/DP1228201517142050M.tif?hei=380&amp;wid=380&op_usm=.4,.8,0,0&resmode=sharp2&op_usm=1.5,.8,0,0&resmode=sharp',4,0);
INSERT INTO products_product VALUES(133,'pp5006380693','Worthington Tipped Envelope Skirt - Tall','Update your professional wardrobe or add some style to your casual look with our Worthington envelope skirt.  concealed side zipper 29" inseam polyester/spandex washable imported',53.99000000000000198,5,'DP1218201517095959M.jpg','http://s7d9.scene7.com/is/image/JCPenney/DP1218201517095959M.tif?hei=380&amp;wid=380&op_usm=.4,.8,0,0&resmode=sharp2&op_usm=1.5,.8,0,0&resmode=sharp',3,0);
INSERT INTO products_product VALUES(134,'pp5006390235','Stylus Destructed Roll-Cuff Boyfriend Crop Jeans','Made for her but designed like his, our roll-cuff boyfriend jeans feature a flattering fit you''ll love with a relaxed, destructed styling. button-and-zip fly closure contoured waistband 5-pocket styling misses: 26" inseam tall: 29" inseam cotton/elastane washable imported',58.99000000000000198,4.5,'DP1223201517040398M.jpg','http://s7d9.scene7.com/is/image/JCPenney/DP1223201517040398M.tif?hei=380&amp;wid=380&op_usm=.4,.8,0,0&resmode=sharp2&op_usm=1.5,.8,0,0&resmode=sharp',6,0);
INSERT INTO products_product VALUES(135,'pp5006420202','a.n.a Roll-Cuff Skinny Ankle Jeans','Stay true to your casual-chic style with our skinny ankle jeans for a modern take on a wardrobe staple.  slim fit mid rise 5-pocket styling shank button-and-zip closure shredded black: rayon/cotton/polyester/spandex white: cotton/polyester/rayon/spandex cloud grey: cotton/viscose/polyester/elastane other colors: cotton/rayon/polyester/spandex washable imported misses: 27" inseam petites: 25" inseam talls: 29" inseam',58.99000000000000198,4.700000000000000177,'DP0304201620452035C.jpg','http://s7d9.scene7.com/is/image/JCPenney/DP0304201620452035C.tif?hei=380&amp;wid=380&op_usm=.4,.8,0,0&resmode=sharp2&op_usm=1.5,.8,0,0&resmode=sharp',4,0);
INSERT INTO products_product VALUES(136,'pp5006420400','Bounce Comfort Plush Memory Foam Chenille Bath Mats','With its ultra-comfortable BounceComfort technology and a modern design that fits any style, this bath mat set offers comfort and support for your feet. BounceComfort memory foam technology cushions your feet with exceptional softness and support stain-resistant microfiber surface is easy to clean reinforced trim helps maintain shape and stability polyester with latex backing washable imported',34.99000000000000198,5,'DP0126201620545687C.jpg','http://s7d2.scene7.com/is/image/JCPenney/DP0126201620545687C.tif?wid=65&hei=65&fmt=jpg&op_usm=.4,.8,0,0&resmode=sharp2',2,0);
INSERT INTO products_product VALUES(137,'pp5006430031','Disney Minnie Mouse Girls Athletic Shoes - Toddler','Tickle her fancy with the bows and polka dots that adorn our positively precious Minnie Mouse athletic shoes. construction synthetic upper rubber sole details self-adhesive closure fun embellishments easy pull-on tab',42,5,'DP0107201603172435M.jpg','http://s7d9.scene7.com/is/image/JCPenney/DP0107201603172435M.tif?hei=380&amp;wid=380&op_usm=.4,.8,0,0&resmode=sharp2&op_usm=1.5,.8,0,0&resmode=sharp',8,0);
INSERT INTO products_product VALUES(138,'pp5006462180','Worthington 3/4-Sleeve Open-Front Cardigan Sweater','Add a splash of color to your warm-weather wardrobe with our supremely soft open-front cardigan sweater, complete with stripes of pointelle trim for extra breathability. 3/4 sleeves approx. 22" - 24" body length acrylic machine wash, dry flat imported',66,4.700000000000000177,'DP1216201517030998M.jpg','http://s7d2.scene7.com/is/image/JCPenney/DP1216201517030998M.tif?wid=65&hei=65&fmt=jpg&op_usm=.4,.8,0,0&resmode=sharp2',5,0);
INSERT INTO products_product VALUES(139,'pp5006470681','Champion Vapor Muscle Tank - Plus','Keep cool and dry during your workout in our muscle tank, made from Champion Vapor moisture-wicking fabric and featuring Fresh IQ technology for odor protection. Champion Vapor technology Fresh IQ technology targeted ventilation for breathability chafe-resistant flatlock seams reflective detail for visibility crewneck polyester washable imported',28.98999999999999844,3,'DP0217201617084849M.jpg','http://s7d2.scene7.com/is/image/JCPenney/DP0217201617084849M.tif?wid=65&hei=65&fmt=jpg&op_usm=.4,.8,0,0&resmode=sharp2',1,0);
INSERT INTO products_product VALUES(142,'pp5006511030','Xersion Mesh-Back Tank Top - Plus','Power through your workout with our quick dry tank top with mesh back for ventilation. quick dry no chafe seams mesh back for ventilation polyester/spandex washable imported',35.99000000000000198,5,'DP0309201620474626C.jpg','http://s7d2.scene7.com/is/image/JCPenney/DP0309201620474626C.tif?wid=65&hei=65&fmt=jpg&op_usm=.4,.8,0,0&resmode=sharp2',1,0);
INSERT INTO products_product VALUES(143,'pp5006541122','Arizona Cropped Jeans with Belt - Girls 7-16 and Plus','Great for those warmer weather days and a fantastic fit for a number of looks, these cropped jeans include an adjustable belt and can be paired with a tee on a casual day or worn with a blouse for a dressier look. 5 pocket design: 2 front pockets, 2 back pockets, 1 coin pocket button closure cuffed hem white: cotton/spandex all other colors: cotton/polyester/viscose/spandex washable imported',43.99000000000000198,4.5,'DP1211201503400830M.jpg','http://s7d9.scene7.com/is/image/JCPenney/DP1211201503400830M.tif?hei=380&amp;wid=380&op_usm=.4,.8,0,0&resmode=sharp2&op_usm=1.5,.8,0,0&resmode=sharp',6,0);
INSERT INTO products_product VALUES(144,'pp5006590111','Liz Claiborne City-Fit 5-Pocket Flared Cropped Jeans - Tall','Get the modern-look you want in our city-fit jeans, with flared cropped legs to add a little extra style. sits below waist zip and button closure 5-pocket styling flared cropped leg 29" inseam cotton/polyester/rayon/spandex washable imported',64.98999999999999489,5,'DP1216201517031308M.jpg','http://s7d9.scene7.com/is/image/JCPenney/DP1216201517031308M.tif?hei=380&amp;wid=380&op_usm=.4,.8,0,0&resmode=sharp2&op_usm=1.5,.8,0,0&resmode=sharp',6,0);
INSERT INTO products_product VALUES(145,'pp5006590213','Presto Pizzazz Plus Rotating Oven','The Presto Pizzazz Plus Rotating Oven offers you the convenience and versatility to bake frozen, homemade and take-and bake foods at home. It''s a perfect for entertaining to prepare everything from chicken nuggets, egg rolls, cookies and more.  rotating tray turns continuously to assure even baking top and bottom heating elements are separately controlled and bake foods from both sides timer signals end of cooking time and automatically turns off saves 60% more energy than compared to a conventional oven nonstick pan is removable for easy cleanup Presto Pizzazz Plus Rotating Oven is aluminum. Removable pan is dishwasher-safe. Imported.',90.98999999999999489,5,'0900631B81E48245M.jpg','http://s7d2.scene7.com/is/image/JCPenney/0900631B81E48245M.tif?wid=65&hei=65&fmt=jpg&op_usm=.4,.8,0,0&resmode=sharp2',7,0);
INSERT INTO products_product VALUES(146,'pp5006590221','Rachael Ray 10-pc. Hard-Anodized Cookware Set','This 10-piece hard-anodized cookware set includes all the pans you need to equip your kitchen with the most versatile basics.  hard-anodized aluminum for durability and even-heating nonstick finish for easy cleanup comfortable, easy-grip handles are oven-safe up to 400F tempered glass lid lets you watch food cook without removing it to keep heat and moisture locked in 10-piece set includes: 1-quart saucepan with lid 2-quart saucepan with lid 6-quart stock pot with lid 3-quart saut pan with lid 8" open skillet 10" open skillet Aluminum/silicone. Hand wash. Imported.',362.990000000000009,4.5,'0900631B81D6766FM.jpg','http://s7d2.scene7.com/is/image/JCPenney/0900631B81D6766FM.tif?wid=65&hei=65&fmt=jpg&op_usm=.4,.8,0,0&resmode=sharp2',7,0);
INSERT INTO products_product VALUES(147,'pp5006620412','Island Shores Short-Sleeve Printed Camp Shirt','Grab our easygoing camp shirt for a casual look you can wear all day and night. point collar button down front pocket short sleeves rayon washable imported',53.99000000000000198,4.299999999999999823,'DP0218201621532296C.jpg','http://s7d9.scene7.com/is/image/JCPenney/DP0218201621532296C.tif?hei=380&amp;wid=380&op_usm=.4,.8,0,0&resmode=sharp2&op_usm=1.5,.8,0,0&resmode=sharp',4,0);
INSERT INTO products_product VALUES(148,'pp5006640930','Black+Decker Stainless Steel Rapid 2-Slice Toaster','Known to be 50% faster than other models, this toaster delivers efficient, perfectly toasted bread with its extra-wide slots. extra lift to easily remove toast, bagels or other pastries wide self-centering slots automatically adjusts to size for even toasting variable thermostat allows 7 shade settings swing down crumb tray bagel, frozen and cancel button options 11.22x7.7x8.66"H stainless steel housing wipe clean imported',82.98999999999999489,4.700000000000000177,'DP1016201517091568M.jpg','http://s7d9.scene7.com/is/image/JCPenney/DP1016201517091568M.tif?hei=380&amp;wid=380&op_usm=.4,.8,0,0&resmode=sharp2&op_usm=1.5,.8,0,0&resmode=sharp',7,0);
INSERT INTO products_product VALUES(149,'pp5006660007','Stylus Linen Crop Pants','Whether you wear them for work or play, our comfortable pants look fresh and fashionable thanks to linen fabric and a cropped length. elastic waistband with drawstring 4 pockets straight leg 27" inseam 100% linen washable imported',53.99000000000000198,4.5,'DP0310201620422443C.jpg','http://s7d9.scene7.com/is/image/JCPenney/DP0310201620422443C.tif?hei=380&amp;wid=380&op_usm=.4,.8,0,0&resmode=sharp2&op_usm=1.5,.8,0,0&resmode=sharp',4,0);
INSERT INTO products_product VALUES(150,'pp5006750455','Carter''s Short-Sleeve Shark Tee - Preschool Boys 4-7','Featuring a fun little screen-printed shark, this short-sleeve tee by Carter''s is perfect for your little one''s wardrobe. ribbed neckline cotton/polyester washable imported',19.98999999999999843,4,'DP0217201617074443M.jpg','http://s7d2.scene7.com/is/image/JCPenney/DP0217201617074443M.tif?wid=65&hei=65&fmt=jpg&op_usm=.4,.8,0,0&resmode=sharp2',9,0);
INSERT INTO products_product VALUES(151,'pp5006790372','Made for Life Secretly Slender Capri Leggings - Plus','Add comfort and versatility to your wardrobe by incorporating these mid-rise capri leggings into the mix. 21" inseam cotton/polyester/spandex washable imported',46.99000000000000198,5,'DP0316201621115243C.jpg','http://s7d9.scene7.com/is/image/JCPenney/DP0316201621115243C.tif?hei=380&amp;wid=380&op_usm=.4,.8,0,0&resmode=sharp2&op_usm=1.5,.8,0,0&resmode=sharp',1,0);
INSERT INTO products_product VALUES(152,'pp5006790745','Arizona Raw-Edge Denim Bermuda Shorts - Juniors Plus','Classic style meets raw edge to create a casual-chic denim essential of the season. regular fit low rise 5-pocket style 9" inseam cotton/spandex washable imported',48.99000000000000198,5,'DP0226201617024158M.jpg','http://s7d9.scene7.com/is/image/JCPenney/DP0226201617024158M.tif?hei=380&amp;wid=380&op_usm=.4,.8,0,0&resmode=sharp2&op_usm=1.5,.8,0,0&resmode=sharp',4,0);
INSERT INTO products_product VALUES(153,'pp5006820170','Made For Life Short-Sleeve Print V-Neck Mesh T-Shirt - Tall','You''ll be ready to work out or relax in our weekend-friendly v-neck print mesh tee. mitered v-neckline moisture-wicking fabric approx. 27" - 29" length polyester washable imported',31.98999999999999844,5,'DP1014201517033744M.jpg','http://s7d2.scene7.com/is/image/JCPenney/DP1014201517033744M.tif?wid=65&hei=65&fmt=jpg&op_usm=.4,.8,0,0&resmode=sharp2',5,0);
INSERT INTO products_product VALUES(154,'pp5006820210','Dockers Signature Classic-Fit Flat-Front Pants','Dockers Signature Khaki flat-front pants are a classic step in the right direction.  no wrinkles color retention technology flat front with comfort waist zip fly with button closure double-welt, button-through back pockets wing & anchor logo embroidery permanent crease cotton washable imported ',70,4,'DP0226201620313565C.jpg','http://s7d9.scene7.com/is/image/JCPenney/DP0226201620313565C.tif?hei=380&amp;wid=380&op_usm=.4,.8,0,0&resmode=sharp2&op_usm=1.5,.8,0,0&resmode=sharp',5,0);
INSERT INTO products_product VALUES(155,'pp5006820299','Stylus Long-Sleeve Back-Pleat Oversized Shirt- Petite','Our Stylus oversized shirt takes a traditional shirt and gives it a huge dose of excitement with an interesting back pleat. collar long sleeves chest pocket button down back pleat misses: approx. 29" length tall: approx. 31" length 100% cotton washable imported',58.99000000000000198,3,'DP0216201620424511C.jpg','http://s7d9.scene7.com/is/image/JCPenney/DP0216201620424511C.tif?hei=380&amp;wid=380&op_usm=.4,.8,0,0&resmode=sharp2&op_usm=1.5,.8,0,0&resmode=sharp',5,0);
INSERT INTO products_product VALUES(156,'pp5006820399','Graham & Co. Dress Shirt, Tie and Pre-Tied Bow Tie','Grab our dress shirt and one of the matching tie options for an on-the-go outfit that will look great. includes shirt, tie and pre-tied bow tie modern fit spread collar long sleeves 2" wide cotton/polyeste ties: polyester washable imported',78.98999999999999489,5,'DP0224201617043146M.jpg','http://s7d9.scene7.com/is/image/JCPenney/DP0224201617043146M.tif?hei=380&amp;wid=380&op_usm=.4,.8,0,0&resmode=sharp2&op_usm=1.5,.8,0,0&resmode=sharp',9,0);
INSERT INTO products_product VALUES(157,'pp5006870003','Arizona Flex Skinny Jeans','These jeans are a sleek alternative to the classic fit with a skinny profile that keeps you on the cutting edge. A bit of spandex in the mix ensures that you move in comfort. sits low on waist extra-slim fit through seat and thigh zip fly with button closure 5-pocket styling skinny leg cotton/spandex washable imported',53.99000000000000198,1,'DP0722201517022951M.jpg','http://s7d9.scene7.com/is/image/JCPenney/DP0722201517022951M.tif?hei=380&amp;wid=380&op_usm=.4,.8,0,0&resmode=sharp2&op_usm=1.5,.8,0,0&resmode=sharp',6,0);
INSERT INTO products_product VALUES(158,'pp5006950238','Worthington Embroidered Tank Top - Tall','Our tank top features embroidered details on the chest and shoulders for an extra-girly finishing touch. roundneck embroidered details 31" front length polyester washable imported',52.99000000000000198,4,'DP0325201617032503M.jpg','http://s7d2.scene7.com/is/image/JCPenney/DP0325201617032503M.tif?wid=65&hei=65&fmt=jpg&op_usm=.4,.8,0,0&resmode=sharp2',8,0);
INSERT INTO products_product VALUES(159,'pp5006960828','Made for Life Mesh Shorts - Tall','Our mesh shorts feature moisture-wicking fabric and side vents to keep you cool and dry while you work out. elastic waist with inside drawstring straight leg relaxed fit mid rise 7 " inseam washable polyester imported',24.98999999999999844,5,'DP0322201617031084M.jpg','http://s7d9.scene7.com/is/image/JCPenney/DP0322201617031084M.tif?hei=380&amp;wid=380&op_usm=.4,.8,0,0&resmode=sharp2&op_usm=1.5,.8,0,0&resmode=sharp',8,0);
INSERT INTO products_product VALUES(160,'pp5006990785','Worthington Slim-Fit Cropped Pants','Add some flair to your professional style with our slim-fit cropped pants, featuring front zipper pockets and side-slits near the ankles. mid rise slim fit front hook-and-bar closure with inside stay-button two front zipper pockets misses: 23" inseam petite: 21" inseam rayon/nylon/spandex machine wash, dry flat imported',43.99000000000000198,5,'DP0322201617031125M.jpg','http://s7d9.scene7.com/is/image/JCPenney/DP0322201617031125M.tif?hei=380&amp;wid=380&op_usm=.4,.8,0,0&resmode=sharp2&op_usm=1.5,.8,0,0&resmode=sharp',4,0);
INSERT INTO products_product VALUES(161,'pp5007071033','Arizona Poplin Cargo Shorts - Boys 8-20','Easily paired with his favorite shirts, these flat-front, relaxed-fit cargo shorts are sure to become a new wardrobe staple. adjustable waist zip fly with button closure 6-pocket styling 100% cotton washable imported',41.99000000000000198,5,'DP0407201620401180C.jpg','http://s7d9.scene7.com/is/image/JCPenney/DP0407201620401180C.tif?hei=380&amp;wid=380&op_usm=.4,.8,0,0&resmode=sharp2&op_usm=1.5,.8,0,0&resmode=sharp',8,0);
INSERT INTO products_product VALUES(162,'pp5007090227','a.n.a Sleeveless Cinched Waist Knit Jumpsuit','Our jumpsuit features a chest pocket and cinched waistline for a super-cute warm-weather look. scoopneck sleeveless chest pocket cinched waist with drawstring misses: 27" inseam talls: 30" long rayon/spandex hand wash, dry flat imported',53.99000000000000198,4.5,'DP0404201617034330M.jpg','http://s7d9.scene7.com/is/image/JCPenney/DP0404201617034330M.tif?hei=380&amp;wid=380&op_usm=.4,.8,0,0&resmode=sharp2&op_usm=1.5,.8,0,0&resmode=sharp',8,0);
INSERT INTO products_product VALUES(163,'pp5007160030','i jeans by Buffalo Lace Midi Skirt','With an elastic waistband, our lace midi skirt is the perfect blend of comfortable and chic. mid rise slim fit elastic waist 29" length lace nylon/spandex washable imported',51.99000000000000198,4,'DP0414201617030734M.jpg','http://s7d9.scene7.com/is/image/JCPenney/DP0414201617030734M.tif?hei=380&amp;wid=380&op_usm=.4,.8,0,0&resmode=sharp2&op_usm=1.5,.8,0,0&resmode=sharp',8,0);
INSERT INTO products_product VALUES(164,'pp5007170155','Liz Claiborne Roll-Cuff Cargo Shorts','Our roll-cuff cargo shorts are the perfect casual pick for your warm-weather wardrobe. mid rise 2 front slant pockets 2 back patch pockets 9" inseam cotton/spandex washable imported',45.99000000000000198,4.299999999999999823,'DP0411201617053625M.jpg','http://s7d9.scene7.com/is/image/JCPenney/DP0411201617053625M.tif?hei=380&amp;wid=380&op_usm=.4,.8,0,0&resmode=sharp2&op_usm=1.5,.8,0,0&resmode=sharp',8,0);
INSERT INTO products_product VALUES(165,'pp5007170182','Worthington Mixed Media Open Back Blouse - Plus','It''s down to the details with our mixed media open-back blouse, a cute cap-sleeve top that will give you an updated look. roundneck cap sleeve 29 5/8-31" length outer layer: polyester/spandex under layer: polyester washable imported',48.99000000000000198,5,'DP0404201617034496M.jpg','http://s7d9.scene7.com/is/image/JCPenney/DP0404201617034496M.tif?hei=380&amp;wid=380&op_usm=.4,.8,0,0&resmode=sharp2&op_usm=1.5,.8,0,0&resmode=sharp',8,0);
INSERT INTO products_product VALUES(166,'pp5007210063','Steve Harvey Linen Blend Vest - Big & Tall','Feel great and look sharp in our linen-blend vest with paisley trim. white taping and paisley trim embroidery 5-button front linen/rayon hand wash, line dry imported',94.9899999999999949,3,'DP0226201617023618M.jpg','http://s7d2.scene7.com/is/image/JCPenney/DP0226201617023618M.tif?wid=65&hei=65&fmt=jpg&op_usm=.4,.8,0,0&resmode=sharp2',8,0);
INSERT INTO products_product VALUES(167,'pp5007210967','Studio 1 Sleeveless Embellished-Neck Handkerchief Dress - Plus','Slip into something cool during the warm-weather months with our sleeveless dress, sporting a hip handkerchief hem, embellishments at the neck and a pretty print fabric. v-neck sleeveless 39-42" length from shoulder polyester hand wash, line dry imported ',102.9899999999999949,5,'DP0413201617045423M.jpg','http://s7d9.scene7.com/is/image/JCPenney/DP0413201617045423M.tif?hei=380&amp;wid=380&op_usm=.4,.8,0,0&resmode=sharp2&op_usm=1.5,.8,0,0&resmode=sharp',8,0);
INSERT INTO products_product VALUES(168,'pp5007220049','Danny & Nicole Sleeveless Printed Fit-and-Flare Dress - Plus','Look and feel your very best when you''re in our sleeveless printed fit-and-flare dress by Danny Nicole. scoopneck 44" length from shoulder polyester/spandex washable imported',103.9899999999999949,5,'DP0413201617045408M.jpg','http://s7d9.scene7.com/is/image/JCPenney/DP0413201617045408M.tif?hei=380&amp;wid=380&op_usm=.4,.8,0,0&resmode=sharp2&op_usm=1.5,.8,0,0&resmode=sharp',4,0);
INSERT INTO products_product VALUES(169,'pp5007250126','MaryJane''s Home Cotton Clouds Square Decorative Pillow','This decorative pillow will add a finishing touch to your bedroom, couch or entryway bench. coral decorative pillow 18x18" 100% cotton; polyester fill spot clean imported',72.98999999999999489,5,'DP0408201617014664M.jpg','http://s7d9.scene7.com/is/image/JCPenney/DP0408201617014664M.tif?hei=380&amp;wid=380&op_usm=.4,.8,0,0&resmode=sharp2&op_usm=1.5,.8,0,0&resmode=sharp',8,0);
INSERT INTO products_product VALUES(170,'pp5007280253','City Triangles Sleeveless Lace Top Printed Short Belted Romper','Update your warm-weather style with our romper, which features a lace top, an adjustable belt and printed shorts to complete the look. v-neck sleeveless back zipper with hook-and-eye closure lined bodice printed shorts includes belt 32" length; 3" inseam body: polyester lace: cotton/nylon washable; remove belt before washing imported',62.99000000000000198,4,'DP0421201617033561M.jpg','http://s7d9.scene7.com/is/image/JCPenney/DP0421201617033561M.tif?hei=380&amp;wid=380&op_usm=.4,.8,0,0&resmode=sharp2&op_usm=1.5,.8,0,0&resmode=sharp',8,0);
INSERT INTO products_product VALUES(171,'pp5007300026','by&by Spaghetti Strap Crochet Inset Waist Dress','A sweetheart neckline, spaghetti straps, crochet insert, illusion waist and flowing skirt give our dress a look that''s full of feminine charm. sweetheart neckline sleeveless crochet inset illusion waist zipper on back 34" length rayon/polyester hand wash, line dry imported',62.99000000000000198,5,'DP0421201617033514M.jpg','http://s7d9.scene7.com/is/image/JCPenney/DP0421201617033514M.tif?hei=380&amp;wid=380&op_usm=.4,.8,0,0&resmode=sharp2&op_usm=1.5,.8,0,0&resmode=sharp',8,0);
INSERT INTO products_product VALUES(172,'pp5007310136','Stylus Flare Jeans','Add a little retro to your wardrobe to create fashion fun with our Stylus flare jeans. high rise flare leg 5-pockets 32" inseam cotton/polyester/rayon/spandex washable imported ',60.99000000000000198,5,'DP1202201517023245M.jpg','http://s7d9.scene7.com/is/image/JCPenney/DP1202201517023245M.tif?hei=380&amp;wid=380&op_usm=.4,.8,0,0&resmode=sharp2&op_usm=1.5,.8,0,0&resmode=sharp',6,0);
INSERT INTO products_product VALUES(173,'pp5007310220','Alyx Printed Maxi Skirt','With a stretch-knit fabric and on-trend print, our Alyx maxi skirt is sure to be an instant favorite. 40" length polyester/spandex hand wash, line dry imported ',58.99000000000000198,4.5,'DP0325201617032536M.jpg','http://s7d9.scene7.com/is/image/JCPenney/DP0325201617032536M.tif?hei=380&amp;wid=380&op_usm=.4,.8,0,0&resmode=sharp2&op_usm=1.5,.8,0,0&resmode=sharp',8,0);
INSERT INTO products_product VALUES(174,'pp5007320233','St. John''s Bay Ikat Sharkbite Tank Top','Add our tank top to your warm-weather wardrobe, featuring a sharkbite hem and a flowy style that looks great with shorts or skinny jeans. roundneck sharkbite hem rayon washable imported petite: 30" length misses: 32" length',36.99000000000000198,5,'DP0429201617074742M.jpg','http://s7d9.scene7.com/is/image/JCPenney/DP0429201617074742M.tif?hei=380&amp;wid=380&op_usm=.4,.8,0,0&resmode=sharp2&op_usm=1.5,.8,0,0&resmode=sharp',8,0);
INSERT INTO products_product VALUES(175,'pp0000000000','Rebel Jeans','Hard stonewashed jeans for a cooler style... baggy like heaven!',69,4.599999999999999644,'baggyjeansblueholes_U9hND7T.png',NULL,6,1);
INSERT INTO products_product VALUES(176,'pp111111111111','baggy jeans','cxvcxxcvcx',59,4.900000000000000355,'baggystonewahgreen_OBFkwcl.png',NULL,6,1);
INSERT INTO products_product VALUES(178,'pp0000000000','BAGGY JEANS BLUE','xccxcxzczcx',99,5,'baggystonewashblue_FeACOmA.png',NULL,6,1);
INSERT INTO products_product VALUES(179,'PP2222222222dsf','tfgdfg','xzxzxzxxxz',99,5,'joggersblue.png',NULL,4,1);
INSERT INTO products_product VALUES(180,'pp19191919','jeans','ssakjhksajhdsakjhdsakh',86,4.599999999999999644,'baggystonewashblack.png',NULL,6,1);
INSERT INTO products_product VALUES(181,'shirts00001','Bob Marley shirt','Bob marle shirt in 100% cotton. great quality',49,3.700000000000000177,'media/bobthsirtwhite_zmoezo',NULL,9,1);
CREATE TABLE IF NOT EXISTS "products_size" ("id" integer NOT NULL PRIMARY KEY AUTOINCREMENT, "size" varchar(10) NOT NULL, "quantity" integer NOT NULL, "product_id" bigint NOT NULL REFERENCES "products_product" ("id") DEFERRABLE INITIALLY DEFERRED);
INSERT INTO products_size VALUES(1,'S',4,175);
INSERT INTO products_size VALUES(2,'M',7,175);
INSERT INTO products_size VALUES(3,'L',13,175);
INSERT INTO products_size VALUES(4,'W38L38',4,175);
INSERT INTO products_size VALUES(5,'43',2,175);
INSERT INTO products_size VALUES(6,'XXXL',10,176);
INSERT INTO products_size VALUES(7,'x',5,180);
INSERT INTO products_size VALUES(8,'assdsa',5,180);
INSERT INTO products_size VALUES(9,'S',2,181);
INSERT INTO products_size VALUES(10,'M',5,181);
INSERT INTO products_size VALUES(11,'L',10,181);
INSERT INTO products_size VALUES(12,'XL',9,181);
CREATE TABLE IF NOT EXISTS "profiles_userprofile" ("id" integer NOT NULL PRIMARY KEY AUTOINCREMENT, "default_phone_number" varchar(20) NULL, "default_country" varchar(2) NULL, "default_postcode" varchar(20) NULL, "default_town_or_city" varchar(40) NULL, "default_street_address1" varchar(80) NULL, "default_street_address2" varchar(80) NULL, "default_county" varchar(80) NULL, "user_id" integer NOT NULL UNIQUE REFERENCES "auth_user" ("id") DEFERRABLE INITIALLY DEFERRED, "is_eligible_for_discount" bool NOT NULL, "loyalty_purchase_count" integer NOT NULL);
INSERT INTO profiles_userprofile VALUES(2,'00000000000','SE','66666','town','testveij1',NULL,NULL,3,0,2);
INSERT INTO profiles_userprofile VALUES(3,NULL,NULL,NULL,NULL,NULL,NULL,NULL,4,0,0);
INSERT INTO profiles_userprofile VALUES(4,NULL,NULL,NULL,NULL,NULL,NULL,NULL,5,0,0);
CREATE TABLE IF NOT EXISTS "blog_subcategory" ("id" integer NOT NULL PRIMARY KEY AUTOINCREMENT, "name" varchar(100) NOT NULL, "parent_category" varchar(2) NOT NULL);
INSERT INTO blog_subcategory VALUES(1,'News','SK');
INSERT INTO blog_subcategory VALUES(2,'News','MU');
INSERT INTO blog_subcategory VALUES(3,'Hiphop','HI');
INSERT INTO blog_subcategory VALUES(4,'Skateboard','HI');
INSERT INTO blog_subcategory VALUES(5,'Reggae','HI');
INSERT INTO blog_subcategory VALUES(6,'Artists','HI');
INSERT INTO blog_subcategory VALUES(7,'Legends','SK');
INSERT INTO blog_subcategory VALUES(8,'Products','SK');
INSERT INTO blog_subcategory VALUES(9,'Artists','MU');
CREATE TABLE IF NOT EXISTS "blog_postinteraction" ("id" integer NOT NULL PRIMARY KEY AUTOINCREMENT, "liked" bool NOT NULL, "disliked" bool NOT NULL, "post_id" bigint NOT NULL REFERENCES "blog_blogpost" ("id") DEFERRABLE INITIALLY DEFERRED, "user_id" integer NOT NULL REFERENCES "auth_user" ("id") DEFERRABLE INITIALLY DEFERRED);
CREATE TABLE IF NOT EXISTS "blog_blogpost" ("id" integer NOT NULL PRIMARY KEY AUTOINCREMENT, "title" varchar(200) NOT NULL, "content" text NOT NULL, "published_date" datetime NOT NULL, "slug" varchar(50) NOT NULL UNIQUE, "subcategory_id" bigint NULL REFERENCES "blog_subcategory" ("id") DEFERRABLE INITIALLY DEFERRED, "author_id" integer NULL REFERENCES "auth_user" ("id") DEFERRABLE INITIALLY DEFERRED, "dislikes" integer NOT NULL, "image" varchar(255) NULL, "likes" integer NOT NULL, "youtube_video_url" varchar(200) NULL, "uploaded_video" varchar(255) NULL);
DELETE FROM sqlite_sequence;
INSERT INTO sqlite_sequence VALUES('django_migrations',49);
INSERT INTO sqlite_sequence VALUES('django_admin_log',36);
INSERT INTO sqlite_sequence VALUES('django_content_type',21);
INSERT INTO sqlite_sequence VALUES('auth_permission',84);
INSERT INTO sqlite_sequence VALUES('auth_group',0);
INSERT INTO sqlite_sequence VALUES('auth_user',5);
INSERT INTO sqlite_sequence VALUES('account_emailaddress',5);
INSERT INTO sqlite_sequence VALUES('django_site',1);
INSERT INTO sqlite_sequence VALUES('socialaccount_socialapp',0);
INSERT INTO sqlite_sequence VALUES('socialaccount_socialtoken',0);
INSERT INTO sqlite_sequence VALUES('socialaccount_socialaccount',0);
INSERT INTO sqlite_sequence VALUES('products_category',11);
INSERT INTO sqlite_sequence VALUES('checkout_order',13);
INSERT INTO sqlite_sequence VALUES('checkout_orderlineitem',13);
INSERT INTO sqlite_sequence VALUES('products_product',181);
INSERT INTO sqlite_sequence VALUES('products_size',12);
INSERT INTO sqlite_sequence VALUES('profiles_userprofile',4);
INSERT INTO sqlite_sequence VALUES('blog_subcategory',9);
INSERT INTO sqlite_sequence VALUES('blog_blogpost',6);
CREATE UNIQUE INDEX "auth_group_permissions_group_id_permission_id_0cd325b0_uniq" ON "auth_group_permissions" ("group_id", "permission_id");
CREATE INDEX "auth_group_permissions_group_id_b120cbf9" ON "auth_group_permissions" ("group_id");
CREATE INDEX "auth_group_permissions_permission_id_84c5c92e" ON "auth_group_permissions" ("permission_id");
CREATE UNIQUE INDEX "auth_user_groups_user_id_group_id_94350c0c_uniq" ON "auth_user_groups" ("user_id", "group_id");
CREATE INDEX "auth_user_groups_user_id_6a12ed8b" ON "auth_user_groups" ("user_id");
CREATE INDEX "auth_user_groups_group_id_97559544" ON "auth_user_groups" ("group_id");
CREATE UNIQUE INDEX "auth_user_user_permissions_user_id_permission_id_14a6b632_uniq" ON "auth_user_user_permissions" ("user_id", "permission_id");
CREATE INDEX "auth_user_user_permissions_user_id_a95ead1b" ON "auth_user_user_permissions" ("user_id");
CREATE INDEX "auth_user_user_permissions_permission_id_1fbb5f2c" ON "auth_user_user_permissions" ("permission_id");
CREATE INDEX "django_admin_log_content_type_id_c4bce8eb" ON "django_admin_log" ("content_type_id");
CREATE INDEX "django_admin_log_user_id_c564eba6" ON "django_admin_log" ("user_id");
CREATE UNIQUE INDEX "django_content_type_app_label_model_76bd3d3b_uniq" ON "django_content_type" ("app_label", "model");
CREATE UNIQUE INDEX "auth_permission_content_type_id_codename_01ab375a_uniq" ON "auth_permission" ("content_type_id", "codename");
CREATE INDEX "auth_permission_content_type_id_2f476e4b" ON "auth_permission" ("content_type_id");
CREATE INDEX "django_session_expire_date_a5c62663" ON "django_session" ("expire_date");
CREATE INDEX "account_emailconfirmation_email_address_id_5b7f8c58" ON "account_emailconfirmation" ("email_address_id");
CREATE UNIQUE INDEX "account_emailaddress_user_id_email_987c8728_uniq" ON "account_emailaddress" ("user_id", "email");
CREATE UNIQUE INDEX "unique_verified_email" ON "account_emailaddress" ("email") WHERE "verified";
CREATE INDEX "account_emailaddress_user_id_2c513194" ON "account_emailaddress" ("user_id");
CREATE INDEX "account_emailaddress_upper" ON "account_emailaddress" ((UPPER("email")));
CREATE UNIQUE INDEX "socialaccount_socialapp_sites_socialapp_id_site_id_71a9a768_uniq" ON "socialaccount_socialapp_sites" ("socialapp_id", "site_id");
CREATE INDEX "socialaccount_socialapp_sites_socialapp_id_97fb6e7d" ON "socialaccount_socialapp_sites" ("socialapp_id");
CREATE INDEX "socialaccount_socialapp_sites_site_id_2579dee5" ON "socialaccount_socialapp_sites" ("site_id");
CREATE UNIQUE INDEX "socialaccount_socialtoken_app_id_account_id_fca4e0ac_uniq" ON "socialaccount_socialtoken" ("app_id", "account_id");
CREATE INDEX "socialaccount_socialtoken_account_id_951f210e" ON "socialaccount_socialtoken" ("account_id");
CREATE INDEX "socialaccount_socialtoken_app_id_636a42d7" ON "socialaccount_socialtoken" ("app_id");
CREATE UNIQUE INDEX "socialaccount_socialaccount_provider_uid_fc810c6e_uniq" ON "socialaccount_socialaccount" ("provider", "uid");
CREATE INDEX "socialaccount_socialaccount_user_id_8146e70c" ON "socialaccount_socialaccount" ("user_id");
CREATE INDEX "checkout_orderlineitem_order_id_b4cfbe6b" ON "checkout_orderlineitem" ("order_id");
CREATE INDEX "checkout_orderlineitem_product_id_739c699d" ON "checkout_orderlineitem" ("product_id");
CREATE INDEX "checkout_order_user_profile_id_949184a7" ON "checkout_order" ("user_profile_id");
CREATE INDEX "products_product_category_id_9b594869" ON "products_product" ("category_id");
CREATE INDEX "products_size_product_id_e2d98aa1" ON "products_size" ("product_id");
CREATE INDEX "blog_postinteraction_post_id_866a7fcd" ON "blog_postinteraction" ("post_id");
CREATE INDEX "blog_postinteraction_user_id_a0e60062" ON "blog_postinteraction" ("user_id");
CREATE INDEX "blog_blogpost_subcategory_id_b2b89340" ON "blog_blogpost" ("subcategory_id");
CREATE INDEX "blog_blogpost_author_id_ffcc150f" ON "blog_blogpost" ("author_id");
COMMIT;
